"Time","1e559034-acac-4abe-b963-db4dafb5d587","34a572c8-da58-490b-a22f-1e40d4f70295","40948f99-d5be-4543-a1ee-8212ffbe66ad"
2026-01-08 16:39:00,2.49 s,,
2026-01-08 16:40:00,2.49 s,,2.47 s
2026-01-08 16:41:00,,,2.54 s
2026-01-08 16:42:00,,,2.62 s
2026-01-08 16:43:00,,,2.20 s
2026-01-08 16:44:00,,,2.63 s
2026-01-08 16:45:00,,,2.51 s
2026-01-08 16:46:00,,,2.48 s
2026-01-08 16:47:00,,,2.36 s
2026-01-08 16:48:00,,,2.47 s
2026-01-08 16:49:00,,,2.53 s
2026-01-08 16:50:00,,,2.54 s
2026-01-08 16:51:00,,,2.54 s
2026-01-08 16:52:00,,,2.54 s
2026-01-08 16:53:00,,,2.54 s
2026-01-08 16:54:00,,1.89 s,2.54 s