run,t_hours,in_mb,out_mb,sum_mb
gptneo_1b_snaphot_report,0.0,0.0,0.0,0.0
gptneo_1b_snaphot_report,0.25,41943.04000000004,31457.279999999795,73400.3200000003
gptneo_1b_snaphot_report,0.5,52428.799999999814,41943.04000000004,83886.08000000007
gptneo_1b_snaphot_report,0.75,52428.799999999814,52428.799999999814,104857.59999999963
gptneo_1b_snaphot_report,1.0,52428.799999999814,52428.799999999814,104857.59999999963
gptneo_1b_snaphot_report,1.25,62914.560000000056,73400.31999999937,136314.8799999999
gptneo_1b_snaphot_report,1.5,83886.08000000007,94371.83999999939,178257.91999999993
gptneo_1b_snaphot_report,1.75,104857.6000000001,104857.59999999963,209715.19999999925
gptneo_1b_snaphot_report,2.0,115343.35999999987,115343.3599999994,230686.71999999974
gptneo_1b_snaphot_report,2.25,125829.12000000011,125829.11999999965,251658.2399999993
gptneo_1b_snaphot_report,2.5,136314.8799999999,146800.63999999966,283115.51999999955
gptneo_1b_snaphot_report,2.75,157286.3999999999,157286.39999999944,325058.5599999996
gptneo_1b_snaphot_report,3.0,178257.91999999993,178257.91999999946,356515.83999999985
gptneo_1b_snaphot_report,3.25,199229.43999999994,199229.43999999948,387973.1199999992
gptneo_1b_snaphot_report,3.5,209715.2000000002,209715.19999999972,429916.1599999992
gptneo_1b_snaphot_report,3.75,220200.95999999996,220200.9599999995,440401.9199999999
gptneo_1b_snaphot_report,4.0,230686.7200000002,230686.71999999974,461373.4399999995
gptneo_1b_snaphot_report,4.25,251658.24000000022,251658.23999999976,503316.4799999995
gptneo_1b_snaphot_report,4.5,272629.76000000024,272629.7599999998,534773.7599999998
gptneo_1b_snaphot_report,4.75,283115.52,283115.51999999955,576716.7999999998
gptneo_1b_snaphot_report,5.0,304087.04000000004,304087.0399999996,608174.0800000001
gptneo_1b_snaphot_report,5.25,314572.7999999998,314572.7999999998,629145.5999999996
gptneo_1b_snaphot_report,5.5,325058.56000000006,325058.5599999996,650117.1199999992
gptneo_1b_snaphot_report,5.75,346030.0800000001,335544.31999999937,681574.3999999994
gptneo_1b_snaphot_report,6.0,356515.83999999985,356515.8399999994,713031.6799999997
gptneo_1b_snaphot_report,6.25,377487.35999999987,377487.3599999994,754974.7199999997
gptneo_1b_snaphot_report,6.5,398458.8799999999,387973.11999999965,786432.0
gptneo_1b_snaphot_report,6.75,408944.64000000013,408944.63999999966,817889.2799999993
gptneo_1b_snaphot_report,7.0,419430.3999999999,419430.39999999944,838860.7999999998
gptneo_1b_snaphot_report,7.25,429916.16000000015,429916.1599999997,859832.3199999994
gptneo_1b_snaphot_report,7.5,450887.68000000017,450887.6799999997,901775.3599999994
gptneo_1b_snaphot_report,7.75,471859.2000000002,461373.4399999995,933232.6399999997
gptneo_1b_snaphot_report,8.0,482344.95999999996,482344.9599999995,964689.9199999999
gptneo_1b_snaphot_report,8.25,503316.48,503316.4799999995,1006632.96
gptneo_1b_snaphot_report,8.5,513802.2400000002,513802.23999999976,1017118.7199999997
gptneo_1b_snaphot_report,8.75,524288.0,513802.23999999976,1038090.2399999993
gptneo_1b_snaphot_report,9.0,545259.52,534773.7599999998,1080033.2799999993
gptneo_1b_snaphot_report,9.25,555745.2800000003,555745.2799999998,1111490.5599999996
gptneo_1b_snaphot_report,9.5,576716.7999999998,576716.7999999998,1153433.5999999996
gptneo_1b_snaphot_report,9.75,587202.5599999996,587202.5599999996,1174405.1199999992
gptneo_1b_snaphot_report,10.0,597688.3200000003,587202.5599999996,1184890.879999999
gptneo_1b_snaphot_report,10.25,618659.8399999999,608174.0799999991,1216348.1600000001
gptneo_1b_snaphot_report,10.5,629145.5999999996,629145.5999999996,1258291.1999999993
gptneo_1b_snaphot_report,10.75,650117.1200000001,639631.3599999994,1289748.4800000004
gptneo_1b_snaphot_report,11.0,671088.6399999997,660602.8799999999,1331691.5199999996
gptneo_1b_snaphot_report,11.25,671088.6399999997,671088.6399999997,1342177.2799999993
gptneo_1b_snaphot_report,11.5,681574.4000000004,681574.3999999994,1363148.7999999989
gptneo_1b_snaphot_report,11.75,702545.9199999999,692060.1599999992,1405091.8399999999
gptneo_1b_snaphot_report,12.0,723517.4400000004,713031.6799999997,1436549.1199999992
gptneo_1b_snaphot_report,12.25,744488.96,734003.1999999993,1478492.1600000001
gptneo_1b_snaphot_report,12.5,754974.7199999997,744488.96,1499463.6799999997
gptneo_1b_snaphot_report,12.75,765460.4800000004,754974.7199999997,1520435.1999999993
gptneo_1b_snaphot_report,13.0,775946.2400000002,765460.4799999995,1541406.7199999988
gptneo_1b_snaphot_report,13.25,796917.7599999998,786432.0,1583349.7599999998
gptneo_1b_snaphot_report,13.5,817889.2800000003,807403.5199999996,1614807.039999999
gptneo_1b_snaphot_report,13.75,828375.04,817889.2799999993,1635778.5600000005
gptneo_1b_snaphot_report,14.0,828375.04,828375.04,1656750.08
gptneo_1b_snaphot_report,14.25,849346.5599999996,838860.7999999998,1688207.3599999994
gptneo_1b_snaphot_report,14.5,870318.0800000001,859832.3199999994,1730150.4000000004
gptneo_1b_snaphot_report,14.75,891289.5999999996,870318.0799999991,1761607.6799999997
gptneo_1b_snaphot_report,15.0,901775.3600000003,891289.5999999996,1793064.959999999
gptneo_1b_snaphot_report,15.25,912261.1200000001,901775.3599999994,1814036.4800000004
gptneo_1b_snaphot_report,15.5,922746.8799999999,912261.1199999992,1835008.0
gptneo_1b_snaphot_report,15.75,943718.4000000004,933232.6399999997,1866465.2799999993
gptneo_1b_snaphot_report,16.0,964689.9199999999,943718.3999999994,1908408.3200000003
gptneo_1b_snaphot_report,16.25,975175.6799999997,964689.9199999999,1939865.5999999996
gptneo_1b_snaphot_report,16.5,985661.4400000004,975175.6799999997,1960837.1199999992
gptneo_1b_snaphot_report,16.75,996147.2000000002,985661.4399999995,1981808.6399999987
gptneo_1b_snaphot_report,17.0,1017118.7199999997,996147.1999999993,2013265.92
gptneo_1b_snaphot_report,17.25,1027604.4800000004,1017118.7199999997,2055208.959999999
gptneo_1b_snaphot_report,17.5,1048576.0,1038090.2399999993,2086666.2400000002
gptneo_1b_snaphot_report,17.75,1059061.7599999998,1048576.0,2107637.76
gptneo_1b_snaphot_report,18.0,1069547.5200000005,1048576.0,2118123.5199999996
gptneo_1b_snaphot_report,18.25,1090519.04,1069547.5199999996,2160066.5600000005
gptneo_1b_snaphot_report,18.5,1101004.7999999998,1090519.04,2191523.84
gptneo_1b_snaphot_report,18.75,1121976.3200000003,1111490.5599999996,2233466.879999999
gptneo_1b_snaphot_report,19.0,1142947.8399999999,1121976.3199999994,2264924.16
gptneo_1b_snaphot_report,19.25,1142947.8399999999,1132462.0799999991,2285895.6799999997
gptneo_1b_snaphot_report,19.5,1163919.3600000003,1142947.8399999999,2306867.1999999993
gptneo_1b_snaphot_report,19.75,1174405.12,1153433.5999999996,2327838.719999999
gptneo_1b_snaphot_report,20.0,1195376.6399999997,1174405.1199999992,2369781.76
gptneo_1b_snaphot_report,20.25,1205862.4000000004,1195376.6399999997,2401239.039999999
gptneo_1b_snaphot_report,20.5,1216348.1600000001,1205862.3999999994,2422210.5600000005
gptneo_1b_snaphot_report,20.75,1226833.92,1216348.1599999992,2443182.08
gptneo_1b_snaphot_report,21.0,1247805.4400000004,1226833.92,2474639.3599999994
gptneo_1b_snaphot_report,21.25,1268776.96,1247805.4399999995,2516582.4000000004
gptneo_1b_snaphot_report,21.5,1279262.7199999997,1268776.96,2548039.6799999997
gptneo_1b_snaphot_report,21.75,1289748.4800000004,1268776.96,2569011.1999999993
gptneo_1b_snaphot_report,22.0,1300234.2400000002,1279262.7199999997,2589982.719999999
gptneo_1b_snaphot_report,22.25,1321205.7599999998,1300234.2399999993,2621440.0
gptneo_1b_snaphot_report,22.5,1342177.2800000003,1321205.7599999998,2652897.2799999993
gptneo_1b_snaphot_report,22.75,1352663.04,1331691.5199999996,2673868.799999999
gptneo_1b_snaphot_report,23.0,1352663.04,1331691.5199999996,2694840.3200000003
gptneo_1b_snaphot_report,23.25,1373634.5599999996,1352663.04,2726297.5999999996
gptneo_1b_snaphot_report,23.5,1394606.08,1373634.5599999996,2768240.6399999987
gptneo_1b_snaphot_report,23.75,1415577.5999999996,1394606.0799999991,2799697.92
gptneo_1b_snaphot_report,24.0,1426063.3600000003,1394606.0799999991,2820669.4399999995
gptneo_1b_snaphot_report,24.25,1426063.3600000003,1405091.8399999999,2841640.959999999
gptneo_1b_snaphot_report,24.5,1447034.88,1426063.3599999994,2873098.24
gptneo_1b_snaphot_report,24.75,1468006.4000000004,1447034.88,2904555.5199999996
gptneo_1b_snaphot_report,25.0,1468006.4000000004,1447034.88,2904555.5199999996
gptneo_1b_snaphot_report,25.25,1468006.4000000004,1447034.88,2904555.5199999996
gptneo_1b_snaphot_report,25.5,1468006.4000000004,1447034.88,2904555.5199999996
gptneo_1b_snaphot_report,25.75,1468006.4000000004,1447034.88,2904555.5199999996
gptneo_1b_snaphot_report,26.0,1468006.4000000004,1447034.88,2904555.5199999996
gptneo_1b_snaphot_report,26.25,1468006.4000000004,1447034.88,2904555.5199999996
gptneo_1b_snaphot_report,26.5,1468006.4000000004,1447034.88,2904555.5199999996
gptneo_1b_snaphot_report,26.75,1468006.4000000004,1447034.88,2904555.5199999996
gptneo_1b_snaphot_report,27.0,1468006.4000000004,1447034.88,2904555.5199999996
gptneo_1b_snaphot_report,27.25,1468006.4000000004,1447034.88,2904555.5199999996
gptneo_1b_snaphot_report,27.5,1468006.4000000004,1447034.88,2904555.5199999996
gptneo_1b_snaphot_report,27.75,1468006.4000000004,1447034.88,2904555.5199999996
gptneo_1b_snaphot_report,28.0,1468006.4000000004,1447034.88,2904555.5199999996
gptneo_1b_snaphot_report,28.25,1468006.4000000004,1447034.88,2904555.5199999996
gptneo_1b_snaphot_report,28.5,1468006.4000000004,1447034.88,2904555.5199999996
gptneo_1b_snaphot_report,28.75,1468006.4000000004,1447034.88,2904555.5199999996
gptneo_1b_snaphot_report,29.0,1468006.4000000004,1447034.88,2904555.5199999996
gptneo_1b_snaphot_report,29.25,1468006.4000000004,1447034.88,2904555.5199999996
gptneo_1b_snaphot_report,29.5,1468006.4000000004,1447034.88,2904555.5199999996
gptneo_1b_snaphot_report,29.75,1468006.4000000004,1447034.88,2904555.5199999996
gptneo_1b_snaphot_report,30.0,1468006.4000000004,1447034.88,2904555.5199999996
gptneo_1b_snaphot_report,30.25,1468006.4000000004,1447034.88,2904555.5199999996
gptneo_1b_snaphot_report,30.5,1468006.4000000004,1447034.88,2904555.5199999996
gptneo_1b_snaphot_report,30.75,1468006.4000000004,1447034.88,2904555.5199999996
gptneo_1b_snaphot_report,31.0,1468006.4000000004,1447034.88,2904555.5199999996
gptneo_1b_snaphot_report,31.25,1468006.4000000004,1447034.88,2904555.5199999996
gptneo_1b_snaphot_report,31.5,1468006.4000000004,1447034.88,2904555.5199999996
gptneo_1b_snaphot_report,31.75,1468006.4000000004,1447034.88,2904555.5199999996
gptneo_1b_snaphot_report,32.0,1488977.9200000009,1457520.6400000006,2936012.799999999
gptneo_1b_snaphot_report,32.25,1499463.6800000006,1478492.1600000001,2967470.079999998
gptneo_1b_snaphot_report,32.5,1509949.4400000004,1478492.1600000001,2977955.84
gptneo_1b_snaphot_report,32.75,1520435.2000000002,1488977.92,3009413.119999999
gptneo_1b_snaphot_report,33.0,1541406.7200000007,1509949.4400000004,3040870.3999999985
gptneo_1b_snaphot_report,33.25,1562378.2400000002,1530920.96,3072327.6799999997
gptneo_1b_snaphot_report,33.5,1572864.000000001,1541406.7200000007,3114270.719999999
gptneo_1b_snaphot_report,33.75,1593835.5200000005,1562378.2400000002,3145728.0
gptneo_1b_snaphot_report,34.0,1604321.2800000003,1572864.0,3156213.76
gptneo_1b_snaphot_report,34.25,1614807.04,1583349.7600000007,3187671.039999999
gptneo_1b_snaphot_report,34.5,1635778.5600000005,1604321.2800000003,3219128.3199999984
gptneo_1b_snaphot_report,34.75,1646264.3200000003,1614807.04,3261071.3599999994
gptneo_1b_snaphot_report,35.0,1667235.8400000008,1635778.5600000005,3292528.6399999987
gptneo_1b_snaphot_report,35.25,1688207.3600000003,1656750.08,3323985.92
gptneo_1b_snaphot_report,35.5,1688207.3600000003,1656750.08,3344957.4399999995
gptneo_1b_snaphot_report,35.75,1709178.8800000008,1667235.8399999999,3365928.959999999
gptneo_1b_snaphot_report,36.0,1719664.6400000006,1688207.3600000003,3397386.2399999984
gptneo_1b_snaphot_report,36.25,1740636.1600000001,1709178.88,3439329.2799999993
gptneo_1b_snaphot_report,36.5,1761607.6800000006,1719664.6400000006,3470786.5599999987
gptneo_1b_snaphot_report,36.75,1761607.6800000006,1730150.4000000004,3491758.079999998
gptneo_1b_snaphot_report,37.0,1772093.4400000004,1740636.1600000001,3512729.5999999996
gptneo_1b_snaphot_report,37.25,1793064.960000001,1761607.6800000006,3544186.879999999
gptneo_1b_snaphot_report,37.5,1814036.4800000004,1772093.4400000004,3575644.1599999983
gptneo_1b_snaphot_report,37.75,1824522.2400000002,1793064.96,3607101.4399999995
gptneo_1b_snaphot_report,38.0,1845493.7600000007,1803550.7200000007,3638558.719999999
gptneo_1b_snaphot_report,38.25,1855979.5200000005,1814036.4800000004,3659530.2399999984
gptneo_1b_snaphot_report,38.5,1866465.2800000003,1824522.2400000002,3680501.76
gptneo_1b_snaphot_report,38.75,1887436.8000000007,1845493.7600000007,3711959.039999999
gptneo_1b_snaphot_report,39.0,1897922.5600000005,1866465.2800000003,3711959.039999999
gptneo_1b_snaphot_report,39.25,1918894.08,1876951.04,3816816.6399999987
gptneo_1b_snaphot_report,39.5,1929379.8400000008,1887436.7999999998,3816816.6399999987
gptneo_1b_snaphot_report,39.75,1939865.6000000006,1897922.5600000005,3816816.6399999987
gptneo_1b_snaphot_report,40.0,1960837.12,1918894.08,3816816.6399999987
gptneo_1b_snaphot_report,40.25,1971322.8800000008,1939865.6000000006,3921674.2399999984
gptneo_1b_snaphot_report,40.5,1992294.4000000004,1950351.3600000003,3921674.2399999984
gptneo_1b_snaphot_report,40.75,2002780.1600000001,1960837.12,3921674.2399999984
gptneo_1b_snaphot_report,41.0,2013265.9200000009,1971322.88,4026531.84
gptneo_1b_snaphot_report,41.25,2034237.4400000004,1992294.4000000004,4026531.84
gptneo_1b_snaphot_report,41.5,2044723.2000000002,2002780.1600000001,4026531.84
gptneo_1b_snaphot_report,41.75,2065694.7200000007,2023751.6800000006,4026531.84
gptneo_1b_snaphot_report,42.0,2065694.7200000007,2034237.4400000004,4131389.4399999995
gptneo_1b_snaphot_report,42.25,2076180.4800000004,2044723.2000000002,4131389.4399999995
gptneo_1b_snaphot_report,42.5,2097152.000000001,2055208.96,4131389.4399999995
gptneo_1b_snaphot_report,42.75,2118123.5200000005,2076180.4800000004,4131389.4399999995
gptneo_1b_snaphot_report,43.0,2128609.2800000003,2086666.2400000002,4236247.039999999
gptneo_1b_snaphot_report,43.25,2149580.8000000007,2107637.7600000007,4236247.039999999
gptneo_1b_snaphot_report,43.5,2160066.5600000005,2118123.5200000005,4236247.039999999
gptneo_1b_snaphot_report,43.75,2170552.3200000003,2128609.2800000003,4236247.039999999
gptneo_1b_snaphot_report,44.0,2181038.08,2139095.04,4341104.639999999
gptneo_1b_snaphot_report,44.25,2202009.6000000006,2160066.5600000005,4341104.639999999
gptneo_1b_snaphot_report,44.5,2222981.12,2181038.08,4341104.639999999
gptneo_1b_snaphot_report,44.75,2222981.12,2181038.08,4445962.239999998
gptneo_1b_snaphot_report,45.0,2243952.6400000006,2202009.6000000006,4445962.239999998
gptneo_1b_snaphot_report,45.25,2254438.4000000004,2212495.3600000003,4445962.239999998
gptneo_1b_snaphot_report,45.5,2275409.920000001,2233466.88,4550819.84
gptneo_1b_snaphot_report,45.75,2296381.4400000004,2254438.4000000004,4550819.84
gptneo_1b_snaphot_report,46.0,2296381.4400000004,2254438.4000000004,4550819.84
gptneo_1b_snaphot_report,46.25,2317352.960000001,2264924.16,4550819.84
gptneo_1b_snaphot_report,46.5,2327838.7200000007,2285895.6800000006,4655677.4399999995
gptneo_1b_snaphot_report,46.75,2348810.24,2306867.2,4655677.4399999995
gptneo_1b_snaphot_report,47.0,2369781.7600000007,2317352.96,4655677.4399999995
gptneo_1b_snaphot_report,47.25,2380267.5200000005,2327838.7200000007,4655677.4399999995
gptneo_1b_snaphot_report,47.5,2390753.2800000003,2338324.4800000004,4760535.039999999
gptneo_1b_snaphot_report,47.75,2401239.04,2359296.0,4760535.039999999
gptneo_1b_snaphot_report,48.0,2422210.5600000005,2380267.5200000005,4760535.039999999
gptneo_1b_snaphot_report,48.25,2443182.08,2390753.2800000003,4865392.639999999
gptneo_1b_snaphot_report,48.5,2453667.840000001,2411724.8,4865392.639999999
gptneo_1b_snaphot_report,48.75,2464153.6000000006,2422210.5600000005,4865392.639999999
gptneo_1b_snaphot_report,49.0,2474639.3600000003,2432696.3200000003,4865392.639999999
gptneo_1b_snaphot_report,49.25,2495610.880000001,2443182.08,4970250.239999998
gptneo_1b_snaphot_report,49.5,2516582.4000000004,2464153.6000000006,4970250.239999998
gptneo_1b_snaphot_report,49.75,2527068.16,2485125.12,4970250.239999998
gptneo_1b_snaphot_report,50.0,2548039.6800000006,2495610.88,5075107.84
gptneo_1b_snaphot_report,50.25,2558525.4400000004,2506096.6400000006,5075107.84
gptneo_1b_snaphot_report,50.5,2569011.2,2516582.4000000004,5075107.84
gptneo_1b_snaphot_report,50.75,2579496.960000001,2537553.92,5075107.84
gptneo_1b_snaphot_report,51.0,2600468.4800000004,2548039.6800000006,5179965.4399999995
gptneo_1b_snaphot_report,51.25,2621440.000000001,2569011.2,5179965.4399999995
gptneo_1b_snaphot_report,51.5,2642411.5200000005,2589982.7200000007,5179965.4399999995
gptneo_1b_snaphot_report,51.75,2652897.2800000003,2600468.4800000004,5284823.039999999
gptneo_1b_snaphot_report,52.0,2663383.04,2610954.24,5284823.039999999
gptneo_1b_snaphot_report,52.25,2673868.8000000007,2621440.0,5284823.039999999
gptneo_1b_snaphot_report,52.5,2694840.3200000003,2642411.5200000005,5284823.039999999
gptneo_1b_snaphot_report,52.75,2715811.840000001,2663383.04,5389680.639999999
gptneo_1b_snaphot_report,53.0,2726297.6000000006,2673868.8,5389680.639999999
gptneo_1b_snaphot_report,53.25,2747269.12,2694840.3200000003,5389680.639999999
gptneo_1b_snaphot_report,53.5,2757754.880000001,2705326.08,5494538.239999998
gptneo_1b_snaphot_report,53.75,2768240.6400000006,2715811.84,5494538.239999998
gptneo_1b_snaphot_report,54.0,2778726.4000000004,2726297.6000000006,5494538.239999998
gptneo_1b_snaphot_report,54.25,2799697.920000001,2747269.12,5494538.239999998
gptneo_1b_snaphot_report,54.5,2820669.4400000004,2768240.6400000006,5599395.84
gptneo_1b_snaphot_report,54.75,2841640.960000001,2778726.4000000004,5599395.84
gptneo_1b_snaphot_report,55.0,2841640.960000001,2789212.16,5599395.84
gptneo_1b_snaphot_report,55.25,2852126.7200000007,2799697.92,5599395.84
gptneo_1b_snaphot_report,55.5,2873098.24,2820669.4400000004,5704253.4399999995
gptneo_1b_snaphot_report,55.75,2894069.7600000007,2841640.96,5704253.4399999995
gptneo_1b_snaphot_report,56.0,2915041.2800000003,2852126.7200000007,5704253.4399999995
gptneo_1b_snaphot_report,56.25,2925527.04,2873098.24,5809111.039999999
gptneo_1b_snaphot_report,56.5,2936012.8000000007,2883584.0,5809111.039999999
gptneo_1b_snaphot_report,56.75,2946498.5600000005,2894069.7600000007,5809111.039999999
gptneo_1b_snaphot_report,57.0,2967470.08,2904555.5200000005,5913968.639999999
gptneo_1b_snaphot_report,57.25,2988441.6000000006,2925527.04,5913968.639999999
gptneo_1b_snaphot_report,57.5,2998927.3600000003,2946498.5600000005,5913968.639999999
gptneo_1b_snaphot_report,57.75,3009413.12,2956984.3200000003,5913968.639999999
gptneo_1b_snaphot_report,58.0,3019898.880000001,2967470.08,6018826.239999998
gptneo_1b_snaphot_report,58.25,3040870.4000000004,2977955.84,6018826.239999998
gptneo_1b_snaphot_report,58.5,3061841.920000001,2998927.3600000003,6018826.239999998
gptneo_1b_snaphot_report,58.75,3072327.6800000006,3019898.88,6123683.84
gptneo_1b_snaphot_report,59.0,3082813.4400000004,3019898.88,6123683.84
gptneo_1b_snaphot_report,59.25,3093299.2,3030384.6400000006,6123683.84
gptneo_1b_snaphot_report,59.5,3114270.7200000007,3051356.16,6123683.84
gptneo_1b_snaphot_report,59.75,3124756.4800000004,3072327.6800000006,6228541.4399999995
gptneo_1b_snaphot_report,60.0,3145728.000000001,3082813.4400000004,6228541.4399999995
gptneo_1b_snaphot_report,60.25,3166699.5200000005,3103784.96,6228541.4399999995
gptneo_1b_snaphot_report,60.5,3177185.2800000003,3114270.7200000007,6228541.4399999995
gptneo_1b_snaphot_report,60.75,3187671.04,3124756.4800000004,6333399.039999999
gptneo_1b_snaphot_report,61.0,3198156.8000000007,3145728.0,6333399.039999999
gptneo_1b_snaphot_report,61.25,3219128.3200000003,3156213.7600000007,6333399.039999999
gptneo_1b_snaphot_report,61.5,3240099.840000001,3177185.2800000003,6438256.639999999
gptneo_1b_snaphot_report,61.75,3250585.6000000006,3187671.04,6438256.639999999
gptneo_1b_snaphot_report,62.0,3261071.3600000003,3208642.5600000005,6438256.639999999
gptneo_1b_snaphot_report,62.25,3271557.12,3219128.3200000003,6438256.639999999
gptneo_1b_snaphot_report,62.5,3292528.6400000006,3229614.08,6543114.239999998
gptneo_1b_snaphot_report,62.75,3313500.16,3250585.6000000006,6543114.239999998
gptneo_1b_snaphot_report,63.0,3334471.6800000006,3271557.12,6543114.239999998
gptneo_1b_snaphot_report,63.25,3344957.4400000004,3282042.88,6647971.84
gptneo_1b_snaphot_report,63.5,3355443.2,3292528.6400000006,6647971.84
gptneo_1b_snaphot_report,63.75,3365928.960000001,3303014.4000000004,6647971.84
gptneo_1b_snaphot_report,64.0,3386900.4800000004,3323985.92,6647971.84
gptneo_1b_snaphot_report,64.25,3407872.000000001,3334471.6800000006,6752829.4399999995
gptneo_1b_snaphot_report,64.5,3418357.7600000007,3355443.2,6752829.4399999995
gptneo_1b_snaphot_report,64.75,3439329.2800000003,3376414.7200000007,6752829.4399999995
gptneo_1b_snaphot_report,65.0,3439329.2800000003,3376414.7200000007,6857687.039999999
gptneo_1b_snaphot_report,65.25,3460300.8000000007,3386900.4800000004,6857687.039999999
gptneo_1b_snaphot_report,65.5,3470786.5600000005,3407872.0,6857687.039999999
gptneo_1b_snaphot_report,65.75,3491758.08,3428843.5200000005,6857687.039999999
gptneo_1b_snaphot_report,66.0,3512729.6000000006,3439329.2800000003,6962544.639999999
gptneo_1b_snaphot_report,66.25,3523215.3600000003,3460300.8,6962544.639999999
gptneo_1b_snaphot_report,66.5,3533701.12,3470786.5600000005,6962544.639999999
gptneo_1b_snaphot_report,66.75,3544186.880000001,3481272.3200000003,7067402.239999998
gptneo_1b_snaphot_report,67.0,3565158.4000000004,3502243.84,7067402.239999998
gptneo_1b_snaphot_report,67.25,3586129.920000001,3512729.6000000006,7067402.239999998
gptneo_1b_snaphot_report,67.5,3596615.6800000006,3533701.12,7172259.84
gptneo_1b_snaphot_report,67.75,3617587.2,3544186.88,7172259.84
gptneo_1b_snaphot_report,68.0,3617587.2,3554672.6400000006,7172259.84
gptneo_1b_snaphot_report,68.25,3638558.7200000007,3565158.4000000004,7172259.84
gptneo_1b_snaphot_report,68.5,3659530.24,3586129.92,7277117.4399999995
gptneo_1b_snaphot_report,68.75,3670016.000000001,3607101.4400000004,7277117.4399999995
gptneo_1b_snaphot_report,69.0,3690987.5200000005,3617587.2,7277117.4399999995
gptneo_1b_snaphot_report,69.25,3701473.2800000003,3628072.96,7277117.4399999995
gptneo_1b_snaphot_report,69.5,3711959.04,3638558.7200000007,7381975.039999999
gptneo_1b_snaphot_report,69.75,3732930.5600000005,3659530.24,7381975.039999999
gptneo_1b_snaphot_report,70.0,3743416.3200000003,3680501.7600000007,7381975.039999999
gptneo_1b_snaphot_report,70.25,3764387.840000001,3690987.5200000005,7486832.639999999
gptneo_1b_snaphot_report,70.5,3785359.3600000003,3711959.04,7486832.639999999
gptneo_1b_snaphot_report,70.75,3785359.3600000003,3711959.04,7486832.639999999
gptneo_1b_snaphot_report,71.0,3806330.880000001,3732930.5600000005,7486832.639999999
gptneo_1b_snaphot_report,71.25,3816816.6400000006,3743416.3200000003,7591690.239999998
gptneo_1b_snaphot_report,71.5,3837788.16,3764387.84,7591690.239999998
gptneo_1b_snaphot_report,71.75,3858759.6800000006,3785359.3600000003,7591690.239999998
gptneo_1b_snaphot_report,72.0,3869245.4400000004,3795845.12,7696547.84
gptneo_1b_snaphot_report,72.25,3879731.2,3806330.88,7696547.84
gptneo_1b_snaphot_report,72.5,3890216.960000001,3816816.6400000006,7696547.84
gptneo_1b_snaphot_report,72.75,3911188.4800000004,3837788.16,7696547.84
gptneo_1b_snaphot_report,73.0,3932160.000000001,3858759.6800000006,7801405.4399999995
gptneo_1b_snaphot_report,73.25,3942645.7600000007,3869245.4400000004,7801405.4399999995
gptneo_1b_snaphot_report,73.5,3963617.2800000003,3890216.96,7801405.4399999995
gptneo_1b_snaphot_report,73.75,3963617.2800000003,3890216.96,7801405.4399999995
gptneo_1b_snaphot_report,74.0,3984588.8000000007,3900702.7200000007,7906263.039999999
gptneo_1b_snaphot_report,74.25,3995074.5600000005,3921674.24,7906263.039999999
gptneo_1b_snaphot_report,74.5,4016046.08,3942645.7600000007,7906263.039999999
gptneo_1b_snaphot_report,74.75,4037017.6000000006,3953131.5200000005,8011120.639999999
gptneo_1b_snaphot_report,75.0,4047503.3600000003,3963617.2800000003,8011120.639999999
gptneo_1b_snaphot_report,75.25,4057989.12,3974103.04,8011120.639999999
gptneo_1b_snaphot_report,75.5,4068474.880000001,3995074.5600000005,8011120.639999999
gptneo_1b_snaphot_report,75.75,4089446.4000000004,4016046.08,8115978.239999998
gptneo_1b_snaphot_report,76.0,4110417.920000001,4026531.84,8115978.239999998
gptneo_1b_snaphot_report,76.25,4120903.6800000006,4047503.3600000003,8115978.239999998
gptneo_1b_snaphot_report,76.5,4131389.4400000004,4057989.12,8220835.84
gptneo_1b_snaphot_report,76.75,4152360.960000001,4068474.88,8220835.84
gptneo_1b_snaphot_report,77.0,4162846.7200000007,4078960.6400000006,8220835.84
gptneo_1b_snaphot_report,77.25,4183818.24,4099932.16,8220835.84
gptneo_1b_snaphot_report,77.5,4194304.000000001,4120903.6800000006,8325693.4399999995
gptneo_1b_snaphot_report,77.75,4215275.5200000005,4131389.4400000004,8325693.4399999995
gptneo_1b_snaphot_report,78.0,4236247.04,4152360.96,8325693.4399999995
gptneo_1b_snaphot_report,78.25,4246732.800000001,4162846.7200000007,8430551.04
gptneo_1b_snaphot_report,78.5,4246732.800000001,4173332.4800000004,8430551.04
gptneo_1b_snaphot_report,78.75,4267704.32,4194304.0,8430551.04
gptneo_1b_snaphot_report,79.0,4288675.840000001,4204789.760000001,8535408.639999999
gptneo_1b_snaphot_report,79.25,4309647.36,4225761.28,8535408.639999999
gptneo_1b_snaphot_report,79.5,4320133.12,4246732.8,8535408.639999999
gptneo_1b_snaphot_report,79.75,4341104.640000001,4257218.5600000005,8640266.239999998
gptneo_1b_snaphot_report,80.0,4351590.4,4267704.32,8640266.239999998
gptneo_1b_snaphot_report,80.25,4362076.16,4278190.08,8640266.239999998
gptneo_1b_snaphot_report,80.5,4372561.920000001,4299161.600000001,8640266.239999998
gptneo_1b_snaphot_report,80.75,4393533.44,4309647.36,8745123.84
gptneo_1b_snaphot_report,81.0,4414504.960000001,4330618.88,8745123.84
gptneo_1b_snaphot_report,81.25,4424990.720000001,4341104.640000001,8745123.84
gptneo_1b_snaphot_report,81.5,4445962.24,4362076.16,8745123.84
gptneo_1b_snaphot_report,81.75,4456448.000000001,4372561.92,8849981.44
gptneo_1b_snaphot_report,82.0,4466933.760000001,4383047.680000001,8849981.44
gptneo_1b_snaphot_report,82.25,4477419.5200000005,4404019.2,8849981.44
gptneo_1b_snaphot_report,82.5,4498391.04,4414504.96,8849981.44
gptneo_1b_snaphot_report,82.75,4508876.800000001,4424990.720000001,8954839.04
gptneo_1b_snaphot_report,83.0,4529848.32,4445962.24,8954839.04
gptneo_1b_snaphot_report,83.25,4550819.840000001,4466933.760000001,8954839.04
gptneo_1b_snaphot_report,83.5,4561305.600000001,4477419.5200000005,9059696.639999999
gptneo_1b_snaphot_report,83.75,4571791.36,4477419.5200000005,9059696.639999999
gptneo_1b_snaphot_report,84.0,4582277.12,4498391.04,9059696.639999999
gptneo_1b_snaphot_report,84.25,4603248.640000001,4519362.5600000005,9059696.639999999
gptneo_1b_snaphot_report,84.5,4624220.16,4529848.32,9164554.239999998
gptneo_1b_snaphot_report,84.75,4634705.920000001,4550819.84,9164554.239999998
gptneo_1b_snaphot_report,85.0,4645191.680000001,4561305.600000001,9164554.239999998
gptneo_1b_snaphot_report,85.25,4655677.44,4571791.36,9269411.84
gptneo_1b_snaphot_report,85.5,4676648.960000001,4592762.88,9269411.84
gptneo_1b_snaphot_report,85.75,4697620.48,4603248.640000001,9269411.84
gptneo_1b_snaphot_report,86.0,4708106.24,4624220.16,9269411.84
gptneo_1b_snaphot_report,86.25,4729077.760000001,4634705.92,9374269.44
gptneo_1b_snaphot_report,86.5,4739563.5200000005,4645191.680000001,9374269.44
gptneo_1b_snaphot_report,86.75,4750049.28,4655677.44,9374269.44
gptneo_1b_snaphot_report,87.0,4760535.04,4676648.96,9374269.44
gptneo_1b_snaphot_report,87.25,4781506.5600000005,4687134.720000001,9479127.04
gptneo_1b_snaphot_report,87.5,4802478.08,4708106.24,9479127.04
gptneo_1b_snaphot_report,87.75,4812963.840000001,4729077.760000001,9479127.04
gptneo_1b_snaphot_report,88.0,4823449.600000001,4739563.5200000005,9583984.639999999
gptneo_1b_snaphot_report,88.25,4833935.36,4739563.5200000005,9583984.639999999
gptneo_1b_snaphot_report,88.5,4854906.880000001,4760535.04,9583984.639999999
gptneo_1b_snaphot_report,88.75,4875878.4,4781506.5600000005,9688842.239999998
gptneo_1b_snaphot_report,89.0,4886364.16,4791992.32,9688842.239999998
gptneo_1b_snaphot_report,89.25,4907335.680000001,4812963.84,9688842.239999998
gptneo_1b_snaphot_report,89.5,4917821.44,4833935.36,9688842.239999998
gptneo_1b_snaphot_report,89.75,4928307.2,4833935.36,9793699.84
gptneo_1b_snaphot_report,90.0,4938792.960000001,4844421.12,9793699.84
gptneo_1b_snaphot_report,90.25,4959764.48,4865392.640000001,9793699.84
gptneo_1b_snaphot_report,90.5,4980736.000000001,4886364.16,9898557.44
gptneo_1b_snaphot_report,90.75,4980736.000000001,4896849.92,9898557.44
gptneo_1b_snaphot_report,91.0,4991221.760000001,4896849.92,9898557.44
gptneo_1b_snaphot_report,91.25,5012193.28,4917821.44,9898557.44
gptneo_1b_snaphot_report,91.5,5033164.8,4938792.96,10003415.04
gptneo_1b_snaphot_report,91.75,5054136.320000001,4949278.720000001,10003415.04
gptneo_1b_snaphot_report,92.0,5054136.320000001,4959764.48,10003415.04
gptneo_1b_snaphot_report,92.25,5075107.840000001,4980736.0,10003415.04
gptneo_1b_snaphot_report,92.5,5085593.600000001,4991221.760000001,10108272.64
gptneo_1b_snaphot_report,92.75,5106565.12,5012193.28,10108272.64
gptneo_1b_snaphot_report,93.0,5127536.64,5022679.04,10108272.64
gptneo_1b_snaphot_report,93.25,5138022.400000001,5043650.56,10213130.239999998
gptneo_1b_snaphot_report,93.5,5148508.160000001,5054136.319999999,10213130.239999998
gptneo_1b_snaphot_report,93.75,5158993.920000001,5064622.080000001,10213130.239999998
gptneo_1b_snaphot_report,94.0,5179965.44,5075107.840000001,10213130.239999998
gptneo_1b_snaphot_report,94.25,5190451.2,5096079.36,10317987.84
gptneo_1b_snaphot_report,94.5,5211422.72,5117050.88,10317987.84
gptneo_1b_snaphot_report,94.75,5232394.240000001,5127536.64,10317987.84
gptneo_1b_snaphot_report,95.0,5242880.000000001,5138022.399999999,10317987.84
gptneo_1b_snaphot_report,95.25,5253365.760000001,5148508.160000001,10422845.439999998
gptneo_1b_snaphot_report,95.5,5263851.5200000005,5169479.680000001,10422845.439999998
gptneo_1b_snaphot_report,95.75,5284823.04,5190451.2,10422845.439999998
gptneo_1b_snaphot_report,96.0,5305794.56,5200936.96,10527703.04
gptneo_1b_snaphot_report,96.25,5316280.320000001,5221908.4799999995,10527703.04
gptneo_1b_snaphot_report,96.5,5326766.080000001,5232394.240000001,10527703.04
gptneo_1b_snaphot_report,96.75,5337251.840000001,5242880.000000001,10527703.04
gptneo_1b_snaphot_report,97.0,5358223.36,5253365.760000001,10632560.64
gptneo_1b_snaphot_report,97.25,5379194.88,5274337.28,10632560.64
gptneo_1b_snaphot_report,97.5,5400166.400000001,5295308.8,10632560.64
gptneo_1b_snaphot_report,97.75,5410652.160000001,5305794.56,10737418.239999998
gptneo_1b_snaphot_report,98.0,5421137.920000001,5316280.319999999,10737418.239999998
gptneo_1b_snaphot_report,98.25,5431623.680000001,5326766.080000001,10737418.239999998
gptneo_1b_snaphot_report,98.5,5442109.44,5347737.600000001,10737418.239999998
gptneo_1b_snaphot_report,98.75,5463080.96,5358223.36,10842275.84
gptneo_1b_snaphot_report,99.0,5484052.480000001,5379194.88,10842275.84
gptneo_1b_snaphot_report,99.25,5505024.000000001,5400166.399999999,10842275.84
gptneo_1b_snaphot_report,99.5,5505024.000000001,5410652.160000001,10947133.439999998
gptneo_1b_snaphot_report,99.75,5525995.5200000005,5421137.920000001,10947133.439999998
gptneo_1b_snaphot_report,100.0,5536481.28,5431623.680000001,10947133.439999998
gptneo_1b_snaphot_report,100.25,5557452.8,5452595.2,10947133.439999998
gptneo_1b_snaphot_report,100.5,5578424.320000001,5473566.72,11051991.04
gptneo_1b_snaphot_report,100.75,5588910.080000001,5484052.4799999995,11051991.04
gptneo_1b_snaphot_report,101.0,5599395.840000001,5494538.240000001,11051991.04
gptneo_1b_snaphot_report,101.25,5609881.600000001,5505024.000000001,11156848.64
gptneo_1b_snaphot_report,101.5,5630853.12,5525995.5200000005,11156848.64
gptneo_1b_snaphot_report,101.75,5651824.64,5536481.28,11156848.64
gptneo_1b_snaphot_report,102.0,5662310.400000001,5557452.8,11261706.239999998
gptneo_1b_snaphot_report,102.25,5683281.920000001,5578424.319999999,11261706.239999998
gptneo_1b_snaphot_report,102.5,5693767.680000001,5588910.080000001,11261706.239999998
gptneo_1b_snaphot_report,102.75,5704253.44,5599395.840000001,11261706.239999998
gptneo_1b_snaphot_report,103.0,5714739.2,5609881.600000001,11366563.84
gptneo_1b_snaphot_report,103.25,5735710.72,5630853.12,11366563.84
gptneo_1b_snaphot_report,103.5,5756682.240000001,5651824.64,11366563.84
gptneo_1b_snaphot_report,103.75,5777653.760000001,5662310.399999999,11471421.439999998
gptneo_1b_snaphot_report,104.0,5777653.760000001,5672796.160000001,11471421.439999998
gptneo_1b_snaphot_report,104.25,5798625.28,5693767.680000001,11471421.439999998
gptneo_1b_snaphot_report,104.5,5809111.04,5693767.680000001,11471421.439999998
gptneo_1b_snaphot_report,104.75,5830082.56,5714739.2,11576279.04
gptneo_1b_snaphot_report,105.0,5840568.320000001,5735710.72,11576279.04
gptneo_1b_snaphot_report,105.25,5861539.840000001,5756682.240000001,11576279.04
gptneo_1b_snaphot_report,105.5,5882511.36,5767168.000000001,11681136.64
gptneo_1b_snaphot_report,105.75,5882511.36,5777653.760000001,11681136.64
gptneo_1b_snaphot_report,106.0,5903482.88,5788139.5200000005,11681136.64
gptneo_1b_snaphot_report,106.25,5913968.64,5798625.28,11681136.64
gptneo_1b_snaphot_report,106.5,5934940.160000001,5819596.8,11785994.239999998
gptneo_1b_snaphot_report,106.75,5945425.920000001,5830082.56,11785994.239999998
gptneo_1b_snaphot_report,107.0,5966397.44,5851054.080000001,11785994.239999998
gptneo_1b_snaphot_report,107.25,5976883.2,5861539.840000001,11785994.239999998
gptneo_1b_snaphot_report,107.5,5976883.2,5872025.600000001,11890851.84
gptneo_1b_snaphot_report,107.75,5997854.72,5882511.36,11890851.84
gptneo_1b_snaphot_report,108.0,6008340.480000001,5892997.12,11890851.84
gptneo_1b_snaphot_report,108.25,6029312.000000001,5913968.64,11890851.84
gptneo_1b_snaphot_report,108.5,6039797.760000001,5934940.160000001,11995709.439999998
gptneo_1b_snaphot_report,108.75,6060769.28,5945425.920000001,11995709.439999998
gptneo_1b_snaphot_report,109.0,6081740.8,5955911.680000001,11995709.439999998
gptneo_1b_snaphot_report,109.25,6081740.8,5976883.2,12100567.04
gptneo_1b_snaphot_report,109.5,6102712.320000001,5987368.96,12100567.04
gptneo_1b_snaphot_report,109.75,6113198.080000001,5997854.72,12100567.04
gptneo_1b_snaphot_report,110.0,6134169.600000001,6018826.240000001,12100567.04
gptneo_1b_snaphot_report,110.25,6155141.12,6039797.760000001,12205424.64
gptneo_1b_snaphot_report,110.5,6176112.64,6050283.5200000005,12205424.64
gptneo_1b_snaphot_report,110.75,6176112.64,6060769.28,12205424.64
gptneo_1b_snaphot_report,111.0,6186598.400000001,6071255.04,12205424.64
gptneo_1b_snaphot_report,111.25,6207569.920000001,6092226.56,12310282.239999998
gptneo_1b_snaphot_report,111.5,6228541.44,6113198.080000001,12310282.239999998
gptneo_1b_snaphot_report,111.75,6249512.96,6123683.840000001,12310282.239999998
gptneo_1b_snaphot_report,112.0,6259998.72,6144655.36,12415139.84
gptneo_1b_snaphot_report,112.25,6280970.240000001,6165626.88,12415139.84
gptneo_1b_snaphot_report,112.5,6291456.000000001,6176112.64,12415139.84
gptneo_1b_snaphot_report,112.75,6301941.760000001,6176112.64,12519997.439999998
gptneo_1b_snaphot_report,113.0,6322913.28,6197084.160000001,12519997.439999998
gptneo_1b_snaphot_report,113.25,6333399.04,6218055.680000001,12519997.439999998
gptneo_1b_snaphot_report,113.5,6354370.56,6239027.2,12624855.04
gptneo_1b_snaphot_report,113.75,6364856.320000001,6249512.96,12624855.04
gptneo_1b_snaphot_report,114.0,6364856.320000001,6249512.96,12624855.04
gptneo_1b_snaphot_report,114.25,6364856.320000001,6249512.96,12624855.04
gptneo_1b_snaphot_report,114.5,6364856.320000001,6249512.96,12624855.04
gptneo_1b_snaphot_report,114.75,6364856.320000001,6249512.96,12624855.04
gptneo_1b_snaphot_report,115.0,6364856.320000001,6249512.96,12624855.04
gptneo_1b_snaphot_report,115.25,6364856.320000001,6249512.96,12624855.04
gptneo_1b_snaphot_report,115.5,6364856.320000001,6249512.96,12624855.04
gptneo_1b_snaphot_report,115.75,6364856.320000001,6249512.96,12624855.04
gptneo_1b_snaphot_report,116.0,6364856.320000001,6249512.96,12624855.04
gptneo_1b_snaphot_report,116.25,6364856.320000001,6249512.96,12624855.04
gptneo_1b_snaphot_report,116.5,6364856.320000001,6249512.96,12624855.04
gptneo_1b_snaphot_report,116.75,6364856.320000001,6249512.96,12624855.04
gptneo_1b_snaphot_report,117.0,6364856.320000001,6249512.96,12624855.04
gptneo_1b_snaphot_report,117.25,6364856.320000001,6249512.96,12624855.04
gptneo_1b_snaphot_report,117.5,6364856.320000001,6249512.96,12624855.04
gptneo_1b_snaphot_report,117.75,6364856.320000001,6249512.96,12624855.04
gptneo_1b_snaphot_report,118.0,6364856.320000001,6249512.96,12624855.04
gptneo_1b_snaphot_report,118.25,6364856.320000001,6249512.96,12624855.04
gptneo_1b_snaphot_report,118.5,6364856.320000001,6249512.96,12624855.04
gptneo_1b_snaphot_report,118.75,6364856.320000001,6249512.96,12624855.04
gptneo_1b_snaphot_report,119.0,6364856.320000001,6249512.96,12624855.04
gptneo_1b_snaphot_report,119.25,6364856.320000001,6249512.96,12624855.04
gptneo_1b_snaphot_report,119.5,6364856.320000001,6249512.96,12624855.04
gptneo_1b_snaphot_report,119.75,6364856.320000001,6249512.96,12624855.04
gptneo_1b_snaphot_report,120.0,6364856.320000001,6249512.96,12624855.04
gptneo_1b_snaphot_report,120.25,6364856.320000001,6249512.96,12624855.04
gptneo_1b_snaphot_report,120.5,6364856.320000001,6249512.96,12624855.04
gptneo_1b_snaphot_report,120.75,6364856.320000001,6249512.96,12624855.04
gptneo_1b_snaphot_report,121.0,6364856.320000001,6249512.96,12624855.04
gptneo_1b_snaphot_report,121.25,6364856.320000001,6249512.96,12624855.04
gptneo_1b_snaphot_report,121.5,6364856.320000001,6249512.96,12624855.04
gptneo_1b_snaphot_report,121.75,6364856.320000001,6249512.96,12624855.04
gptneo_1b_snaphot_report,122.0,6364856.320000001,6249512.96,12624855.04
gptneo_1b_snaphot_report,122.25,6364856.320000001,6249512.96,12624855.04
gptneo_1b_snaphot_report,122.5,6364856.320000001,6249512.96,12624855.04
gptneo_1b_snaphot_report,122.75,6364856.320000001,6249512.96,12624855.04
gptneo_1b_snaphot_report,123.0,6364856.320000001,6249512.96,12624855.04
gptneo_1b_snaphot_report,123.25,6364856.320000001,6249512.96,12624855.04
gptneo_1b_snaphot_report,123.5,6364856.320000001,6249512.96,12624855.04
gptneo_1b_snaphot_report,123.75,6364856.320000001,6249512.96,12624855.04
gptneo_1b_snaphot_report,124.0,6364856.320000001,6249512.96,12624855.04
gptneo_1b_snaphot_report,124.25,6364856.320000001,6249512.96,12624855.04
gptneo_1b_snaphot_report,124.5,6364856.320000001,6249512.96,12624855.04
gptneo_1b_snaphot_report,124.75,6364856.320000001,6249512.96,12624855.04
gptneo_1b_snaphot_report,125.0,6364856.320000001,6249512.96,12624855.04
gptneo_1b_snaphot_report,125.25,6364856.320000001,6249512.96,12624855.04
gptneo_1b_snaphot_report,125.5,6364856.320000001,6249512.96,12624855.04
gptneo_1b_snaphot_report,125.75,6364856.320000001,6249512.96,12624855.04
gptneo_1b_snaphot_report,126.0,6364856.320000001,6249512.96,12624855.04
gptneo_1b_snaphot_report,126.25,6364856.320000001,6249512.96,12624855.04
gptneo_1b_snaphot_report,126.5,6364856.320000001,6249512.96,12624855.04
gptneo_1b_snaphot_report,126.75,6364856.320000001,6249512.96,12624855.04
gptneo_1b_snaphot_report,127.0,6364856.320000001,6249512.96,12624855.04
gptneo_1b_snaphot_report,127.25,6364856.320000001,6249512.96,12624855.04
gptneo_1b_snaphot_report,127.5,6364856.320000001,6249512.96,12624855.04
gptneo_1b_snaphot_report,127.75,6364856.320000001,6249512.96,12624855.04
gptneo_1b_snaphot_report,128.0,6364856.320000001,6249512.96,12624855.04
gptneo_1b_snaphot_report,128.25,6364856.320000001,6249512.96,12624855.04
gptneo_1b_snaphot_report,128.5,6364856.320000001,6249512.96,12624855.04
gptneo_1b_snaphot_report,128.75,6364856.320000001,6249512.96,12624855.04
gptneo_1b_snaphot_report,129.0,6364856.320000001,6249512.96,12624855.04
gptneo_1b_snaphot_report,129.25,6364856.320000001,6249512.96,12624855.04
gptneo_1b_snaphot_report,129.5,6364856.320000001,6249512.96,12624855.04
gptneo_1b_snaphot_report,129.75,6364856.320000001,6249512.96,12624855.04
gptneo_1b_snaphot_report,130.0,6375342.080000001,6259998.72,12624855.04
gptneo_1b_snaphot_report,130.25,6385827.840000001,6270484.4799999995,12624855.04
gptneo_1b_snaphot_report,130.5,6406799.36,6280970.239999999,12624855.04
gptneo_1b_snaphot_report,130.75,6417285.12,6301941.759999999,12729712.64
gptneo_1b_snaphot_report,131.0,6438256.6400000015,6322913.28,12729712.64
gptneo_1b_snaphot_report,131.25,6459228.160000001,6333399.04,12729712.64
gptneo_1b_snaphot_report,131.5,6469713.920000001,6354370.56,12834570.239999998
gptneo_1b_snaphot_report,131.75,6480199.680000001,6364856.319999999,12834570.239999998
gptneo_1b_snaphot_report,132.0,6490685.44,6375342.079999999,12834570.239999998
gptneo_1b_snaphot_report,132.25,6511656.960000002,6385827.839999999,12834570.239999998
gptneo_1b_snaphot_report,132.5,6532628.480000001,6406799.36,12939427.84
gptneo_1b_snaphot_report,132.75,6543114.240000001,6427770.88,12939427.84
gptneo_1b_snaphot_report,133.0,6564085.760000001,6438256.64,12939427.84
gptneo_1b_snaphot_report,133.25,6574571.5200000005,6448742.399999999,13044285.439999998
gptneo_1b_snaphot_report,133.5,6585057.28,6459228.159999999,13044285.439999998
gptneo_1b_snaphot_report,133.75,6606028.800000002,6480199.679999999,13044285.439999998
gptneo_1b_snaphot_report,134.0,6616514.560000001,6501171.2,13044285.439999998
gptneo_1b_snaphot_report,134.25,6637486.080000001,6511656.96,13149143.04
gptneo_1b_snaphot_report,134.5,6658457.600000001,6532628.4799999995,13149143.04
gptneo_1b_snaphot_report,134.75,6668943.36,6543114.239999999,13149143.04
gptneo_1b_snaphot_report,135.0,6679429.12,6553599.999999999,13254000.64
gptneo_1b_snaphot_report,135.25,6689914.880000002,6564085.759999999,13254000.64
gptneo_1b_snaphot_report,135.5,6710886.400000001,6585057.28,13254000.64
gptneo_1b_snaphot_report,135.75,6731857.920000001,6606028.8,13358858.239999998
gptneo_1b_snaphot_report,136.0,6752829.44,6616514.56,13358858.239999998
gptneo_1b_snaphot_report,136.25,6763315.2,6637486.079999999,13358858.239999998
gptneo_1b_snaphot_report,136.5,6773800.960000002,6647971.839999999,13358858.239999998
gptneo_1b_snaphot_report,136.75,6784286.720000002,6658457.599999999,13463715.84
gptneo_1b_snaphot_report,137.0,6805258.240000001,6679429.12,13463715.84
gptneo_1b_snaphot_report,137.25,6815744.000000001,6689914.88,13463715.84
gptneo_1b_snaphot_report,137.5,6836715.5200000005,6710886.399999999,13568573.439999998
gptneo_1b_snaphot_report,137.75,6857687.04,6731857.919999999,13568573.439999998
gptneo_1b_snaphot_report,138.0,6868172.800000002,6742343.679999999,13568573.439999998
gptneo_1b_snaphot_report,138.25,6878658.560000001,6752829.44,13568573.439999998
gptneo_1b_snaphot_report,138.5,6889144.320000001,6763315.2,13673431.04
gptneo_1b_snaphot_report,138.75,6910115.840000001,6784286.72,13673431.04
gptneo_1b_snaphot_report,139.0,6931087.36,6805258.239999999,13673431.04
gptneo_1b_snaphot_report,139.25,6952058.880000002,6815743.999999999,13778288.64
gptneo_1b_snaphot_report,139.5,6962544.6400000015,6836715.5200000005,13778288.64
gptneo_1b_snaphot_report,139.75,6973030.400000001,6847201.28,13778288.64
gptneo_1b_snaphot_report,140.0,6983516.160000001,6857687.04,13778288.64
gptneo_1b_snaphot_report,140.25,7004487.680000001,6868172.8,13883146.239999998
gptneo_1b_snaphot_report,140.5,7025459.2,6889144.319999999,13883146.239999998
gptneo_1b_snaphot_report,140.75,7035944.960000002,6910115.839999999,13883146.239999998
gptneo_1b_snaphot_report,141.0,7056916.480000001,6920601.599999999,13988003.84
gptneo_1b_snaphot_report,141.25,7067402.240000001,6931087.36,13988003.84
gptneo_1b_snaphot_report,141.5,7077888.000000001,6941573.12,13988003.84
gptneo_1b_snaphot_report,141.75,7098859.5200000005,6962544.64,13988003.84
gptneo_1b_snaphot_report,142.0,7109345.28,6983516.159999999,14092861.439999998
gptneo_1b_snaphot_report,142.25,7130316.800000002,6994001.919999999,14092861.439999998
gptneo_1b_snaphot_report,142.5,7151288.320000001,7014973.44,14092861.439999998
gptneo_1b_snaphot_report,142.75,7151288.320000001,7025459.2,14197719.04
gptneo_1b_snaphot_report,143.0,7172259.840000001,7035944.96,14197719.04
gptneo_1b_snaphot_report,143.25,7182745.600000001,7046430.72,14197719.04
gptneo_1b_snaphot_report,143.5,7203717.12,7067402.239999999,14302576.64
gptneo_1b_snaphot_report,143.75,7224688.6400000015,7088373.759999999,14302576.64
gptneo_1b_snaphot_report,144.0,7235174.400000001,7098859.5200000005,14302576.64
gptneo_1b_snaphot_report,144.25,7245660.160000001,7109345.28,14302576.64
gptneo_1b_snaphot_report,144.5,7256145.920000001,7130316.8,14407434.239999998
gptneo_1b_snaphot_report,144.75,7277117.44,7140802.56,14407434.239999998
gptneo_1b_snaphot_report,145.0,7298088.960000002,7161774.079999999,14407434.239999998
gptneo_1b_snaphot_report,145.25,7308574.720000002,7172259.839999999,14512291.84
gptneo_1b_snaphot_report,145.5,7329546.240000001,7193231.36,14512291.84
gptneo_1b_snaphot_report,145.75,7340032.000000001,7203717.12,14512291.84
gptneo_1b_snaphot_report,146.0,7350517.760000001,7214202.88,14512291.84
gptneo_1b_snaphot_report,146.25,7371489.28,7224688.64,14617149.439999998
gptneo_1b_snaphot_report,146.5,7381975.04,7245660.159999999,14617149.439999998
gptneo_1b_snaphot_report,146.75,7402946.560000001,7266631.679999999,14617149.439999998
gptneo_1b_snaphot_report,147.0,7423918.080000001,7277117.44,14722007.04
gptneo_1b_snaphot_report,147.25,7434403.840000001,7298088.96,14722007.04
gptneo_1b_snaphot_report,147.5,7444889.600000001,7308574.72,14722007.04
gptneo_1b_snaphot_report,147.75,7455375.36,7319060.4799999995,14722007.04
gptneo_1b_snaphot_report,148.0,7476346.880000002,7340031.999999999,14826864.64
gptneo_1b_snaphot_report,148.25,7497318.400000001,7350517.759999999,14826864.64
gptneo_1b_snaphot_report,148.5,7507804.160000001,7371489.28,14826864.64
gptneo_1b_snaphot_report,148.75,7528775.680000001,7392460.8,14931722.239999998
gptneo_1b_snaphot_report,149.0,7539261.44,7402946.56,14931722.239999998
gptneo_1b_snaphot_report,149.25,7549747.2,7402946.56,14931722.239999998
gptneo_1b_snaphot_report,149.5,7570718.720000002,7423918.079999999,14931722.239999998
gptneo_1b_snaphot_report,149.75,7581204.480000001,7444889.599999999,15036579.84
gptneo_1b_snaphot_report,150.0,7602176.000000001,7465861.12,15036579.84
gptneo_1b_snaphot_report,150.25,7623147.5200000005,7476346.88,15036579.84
gptneo_1b_snaphot_report,150.5,7633633.28,7497318.399999999,15141437.439999998
gptneo_1b_snaphot_report,150.75,7644119.04,7497318.399999999,15141437.439999998
gptneo_1b_snaphot_report,151.0,7654604.800000002,7518289.919999999,15141437.439999998
gptneo_1b_snaphot_report,151.25,7675576.320000001,7528775.679999999,15141437.439999998
gptneo_1b_snaphot_report,151.5,7696547.840000001,7549747.2,15246295.04
gptneo_1b_snaphot_report,151.75,7717519.36,7570718.72,15246295.04
gptneo_1b_snaphot_report,152.0,7728005.12,7581204.4799999995,15246295.04
gptneo_1b_snaphot_report,152.25,7748976.6400000015,7602175.999999999,15351152.64
gptneo_1b_snaphot_report,152.5,7759462.400000001,7612661.759999999,15351152.64
gptneo_1b_snaphot_report,152.75,7769948.160000001,7623147.5200000005,15351152.64
gptneo_1b_snaphot_report,153.0,7780433.920000001,7644119.04,15456010.239999998
gptneo_1b_snaphot_report,153.25,7801405.44,7654604.8,15456010.239999998
gptneo_1b_snaphot_report,153.5,7822376.960000002,7675576.319999999,15456010.239999998
gptneo_1b_snaphot_report,153.75,7843348.480000001,7696547.839999999,15560867.84
gptneo_1b_snaphot_report,154.0,7853834.240000001,7696547.839999999,15560867.84
gptneo_1b_snaphot_report,154.25,7853834.240000001,7717519.36,15560867.84
gptneo_1b_snaphot_report,154.5,7864320.000000001,7728005.12,15560867.84
gptneo_1b_snaphot_report,154.75,7864320.000000001,7748976.64,15665725.439999998
gptneo_1b_snaphot_report,155.0,7864320.000000001,7759462.399999999,15665725.439999998
gptneo_1b_snaphot_report,155.25,7969177.600000001,7780433.919999999,15665725.439999998
gptneo_1b_snaphot_report,155.5,7969177.600000001,7790919.679999999,15665725.439999998
gptneo_1b_snaphot_report,155.75,7969177.600000001,7811891.2,15770583.04
gptneo_1b_snaphot_report,156.0,7969177.600000001,7822376.96,15770583.04
gptneo_1b_snaphot_report,156.25,7969177.600000001,7832862.72,15770583.04
gptneo_1b_snaphot_report,156.5,7969177.600000001,7853834.239999999,15875440.64
gptneo_1b_snaphot_report,156.75,7969177.600000001,7874805.759999999,15875440.64
gptneo_1b_snaphot_report,157.0,8074035.2,7885291.5200000005,15875440.64
gptneo_1b_snaphot_report,157.25,8074035.2,7895777.28,15875440.64
gptneo_1b_snaphot_report,157.5,8074035.2,7906263.04,15980298.239999998
gptneo_1b_snaphot_report,157.75,8074035.2,7927234.56,15980298.239999998
gptneo_1b_snaphot_report,158.0,8074035.2,7927234.56,15980298.239999998
gptneo_1b_snaphot_report,158.25,8074035.2,7927234.56,16085155.84
gptneo_1b_snaphot_report,158.5,8178892.800000002,7927234.56,16085155.84
gptneo_1b_snaphot_report,158.75,8178892.800000002,8032092.159999999,16085155.84
gptneo_1b_snaphot_report,159.0,8178892.800000002,8032092.159999999,16085155.84
gptneo_1b_snaphot_report,159.25,8178892.800000002,8032092.159999999,16190013.439999998
gptneo_1b_snaphot_report,159.5,8178892.800000002,8032092.159999999,16190013.439999998
gptneo_1b_snaphot_report,159.75,8178892.800000002,8032092.159999999,16190013.439999998
gptneo_1b_snaphot_report,160.0,8178892.800000002,8032092.159999999,16294871.04
gptneo_1b_snaphot_report,160.25,8283750.400000001,8032092.159999999,16294871.04
gptneo_1b_snaphot_report,160.5,8283750.400000001,8136949.759999999,16294871.04
