"Time","{}"
2026-01-05 18:44:00,50
2026-01-05 18:46:00,45
2026-01-05 18:48:00,40
2026-01-05 18:50:00,36
2026-01-05 18:52:00,32
2026-01-05 18:54:00,29
2026-01-05 18:56:00,25
2026-01-05 18:58:00,30
2026-01-05 19:00:00,34
2026-01-05 19:02:00,37
2026-01-05 19:04:00,42
2026-01-05 19:06:00,47
2026-01-05 19:08:00,52
2026-01-05 19:10:00,56
2026-01-05 19:12:00,60
2026-01-05 19:14:00,65
2026-01-05 19:16:00,70
2026-01-05 19:18:00,75
2026-01-05 19:20:00,78
2026-01-05 19:22:00,83
2026-01-05 19:24:00,88
2026-01-05 19:26:00,92
2026-01-05 19:28:00,97
2026-01-05 19:30:00,107
2026-01-05 19:32:00,119
2026-01-05 19:34:00,131
2026-01-05 19:36:00,140
2026-01-05 19:38:00,142
2026-01-05 19:40:00,144
2026-01-05 19:42:00,149
2026-01-05 19:44:00,152
2026-01-05 19:46:00,151
2026-01-05 19:48:00,151
2026-01-05 19:50:00,153
2026-01-05 19:52:00,150
2026-01-05 19:54:00,148
2026-01-05 19:56:00,149
2026-01-05 19:58:00,146
2026-01-05 20:00:00,146
2026-01-05 20:02:00,146
2026-01-05 20:04:00,152
2026-01-05 20:06:00,159
2026-01-05 20:08:00,166
2026-01-05 20:10:00,175
2026-01-05 20:12:00,184
2026-01-05 20:14:00,187
2026-01-05 20:16:00,185
2026-01-05 20:18:00,183
2026-01-05 20:20:00,184
2026-01-05 20:22:00,181
2026-01-05 20:24:00,179
2026-01-05 20:26:00,179
2026-01-05 20:28:00,181
2026-01-05 20:30:00,184
2026-01-05 20:32:00,186
2026-01-05 20:34:00,186
2026-01-05 20:36:00,190
2026-01-05 20:38:00,201
2026-01-05 20:40:00,204
2026-01-05 20:42:00,202
2026-01-05 20:44:00,202
2026-01-05 20:46:00,203
2026-01-05 20:48:00,202
2026-01-05 20:50:00,206
2026-01-05 20:52:00,217
2026-01-05 20:54:00,226
2026-01-05 20:56:00,234
2026-01-05 20:58:00,245
2026-01-05 21:00:00,254
2026-01-05 21:02:00,258
2026-01-05 21:04:00,249
2026-01-05 21:06:00,241
2026-01-05 21:08:00,234
2026-01-05 21:10:00,234
2026-01-05 21:12:00,233
2026-01-05 21:14:00,239
2026-01-05 21:16:00,249
2026-01-05 21:18:00,259
2026-01-05 21:20:00,257
2026-01-05 21:22:00,258
2026-01-05 21:24:00,257
2026-01-05 21:26:00,254
2026-01-05 21:28:00,251
2026-01-05 21:30:00,240
2026-01-05 21:32:00,231
2026-01-05 21:34:00,232
2026-01-05 21:36:00,232
2026-01-05 21:38:00,232
2026-01-05 21:40:00,241
2026-01-05 21:42:00,251
2026-01-05 21:44:00,254
2026-01-05 21:46:00,254
2026-01-05 21:48:00,253
2026-01-05 21:50:00,247
2026-01-05 21:52:00,244
2026-01-05 21:54:00,245
2026-01-05 21:56:00,246
2026-01-05 21:58:00,246
2026-01-05 22:00:00,238
2026-01-05 22:02:00,232
2026-01-05 22:04:00,230
2026-01-05 22:06:00,228
2026-01-05 22:08:00,223
2026-01-05 22:10:00,211
2026-01-05 22:12:00,199
2026-01-05 22:14:00,185
2026-01-05 22:16:00,173
2026-01-05 22:18:00,160
2026-01-05 22:20:00,159
2026-01-05 22:22:00,156
2026-01-05 22:24:00,155
2026-01-05 22:26:00,154
2026-01-05 22:28:00,151
2026-01-05 22:30:00,149
2026-01-05 22:32:00,145
2026-01-05 22:34:00,132
2026-01-05 22:36:00,120
2026-01-05 22:38:00,107
2026-01-05 22:40:00,94
2026-01-05 22:42:00,81
2026-01-05 22:44:00,75
2026-01-05 22:46:00,73
2026-01-05 22:48:00,72
2026-01-05 22:50:00,68
2026-01-05 22:52:00,59
2026-01-05 22:54:00,46
2026-01-05 22:56:00,33
2026-01-05 22:58:00,20
2026-01-05 23:00:00,15
2026-01-05 23:02:00,23
2026-01-05 23:04:00,30
2026-01-05 23:06:00,39
2026-01-05 23:08:00,50
2026-01-05 23:10:00,59
2026-01-05 23:12:00,69
2026-01-05 23:14:00,79
2026-01-05 23:16:00,89
2026-01-05 23:18:00,98
2026-01-05 23:20:00,102
2026-01-05 23:22:00,106
2026-01-05 23:24:00,110
2026-01-05 23:26:00,115
2026-01-05 23:28:00,124
2026-01-05 23:30:00,135
2026-01-05 23:32:00,144
2026-01-05 23:34:00,154
2026-01-05 23:36:00,163
2026-01-05 23:38:00,173
2026-01-05 23:40:00,182
2026-01-05 23:42:00,191
2026-01-05 23:44:00,200
2026-01-05 23:46:00,208
2026-01-05 23:48:00,218
2026-01-05 23:50:00,228
2026-01-05 23:52:00,237
2026-01-05 23:54:00,248
2026-01-05 23:56:00,258
2026-01-05 23:58:00,268
2026-01-06 00:00:00,278
2026-01-06 00:02:00,280
2026-01-06 00:04:00,284
2026-01-06 00:06:00,283
2026-01-06 00:08:00,283
2026-01-06 00:10:00,284
2026-01-06 00:12:00,284
2026-01-06 00:14:00,285
2026-01-06 00:16:00,284
2026-01-06 00:18:00,286
2026-01-06 00:20:00,291
2026-01-06 00:22:00,298
2026-01-06 00:24:00,300
2026-01-06 00:26:00,299
2026-01-06 00:28:00,294
2026-01-06 00:30:00,292
2026-01-06 00:32:00,290
2026-01-06 00:34:00,287
2026-01-06 00:36:00,284
2026-01-06 00:38:00,280
2026-01-06 00:40:00,278
2026-01-06 00:42:00,278
2026-01-06 00:44:00,275
2026-01-06 00:46:00,278
2026-01-06 00:48:00,276
2026-01-06 00:50:00,269
2026-01-06 00:52:00,261
2026-01-06 00:54:00,252
2026-01-06 00:56:00,243
2026-01-06 00:58:00,236
2026-01-06 01:00:00,228
2026-01-06 01:02:00,221
2026-01-06 01:04:00,212
2026-01-06 01:06:00,207
2026-01-06 01:08:00,199
2026-01-06 01:10:00,192
2026-01-06 01:12:00,186
2026-01-06 01:14:00,184
2026-01-06 01:16:00,179
2026-01-06 01:18:00,173
2026-01-06 01:20:00,171
2026-01-06 01:22:00,166
2026-01-06 01:24:00,169
2026-01-06 01:26:00,176
2026-01-06 01:28:00,183
2026-01-06 01:30:00,185
2026-01-06 01:32:00,190
2026-01-06 01:34:00,187
2026-01-06 01:36:00,184
2026-01-06 01:38:00,180
2026-01-06 01:40:00,173
2026-01-06 01:42:00,167
2026-01-06 01:44:00,164
2026-01-06 01:46:00,155
2026-01-06 01:48:00,148
2026-01-06 01:50:00,148
2026-01-06 01:52:00,154
2026-01-06 01:54:00,164
2026-01-06 01:56:00,175
2026-01-06 01:58:00,185
2026-01-06 02:00:00,192
2026-01-06 02:02:00,189
2026-01-06 02:04:00,190
2026-01-06 02:06:00,189
2026-01-06 02:08:00,189
2026-01-06 02:10:00,188
2026-01-06 02:12:00,186
2026-01-06 02:14:00,179
2026-01-06 02:16:00,179
2026-01-06 02:18:00,176
2026-01-06 02:20:00,169
2026-01-06 02:22:00,166
2026-01-06 02:24:00,159
2026-01-06 02:26:00,160
2026-01-06 02:28:00,160
2026-01-06 02:30:00,161
2026-01-06 02:32:00,161
2026-01-06 02:34:00,170
2026-01-06 02:36:00,174
2026-01-06 02:38:00,177
2026-01-06 02:40:00,178
2026-01-06 02:42:00,178
2026-01-06 02:44:00,176
2026-01-06 02:46:00,176
2026-01-06 02:48:00,183
2026-01-06 02:50:00,193
2026-01-06 02:52:00,197
2026-01-06 02:54:00,198
2026-01-06 02:56:00,198
2026-01-06 02:58:00,196
2026-01-06 03:00:00,190
2026-01-06 03:02:00,192
2026-01-06 03:04:00,192
2026-01-06 03:06:00,191
2026-01-06 03:08:00,194
2026-01-06 03:10:00,204
2026-01-06 03:12:00,214
2026-01-06 03:14:00,224
2026-01-06 03:16:00,231
2026-01-06 03:18:00,241
2026-01-06 03:20:00,251
2026-01-06 03:22:00,251
2026-01-06 03:24:00,251
2026-01-06 03:26:00,251
2026-01-06 03:28:00,252
2026-01-06 03:30:00,253
2026-01-06 03:32:00,253
2026-01-06 03:34:00,253
2026-01-06 03:36:00,253
2026-01-06 03:38:00,249
2026-01-06 03:40:00,248
2026-01-06 03:42:00,247
2026-01-06 03:44:00,250
2026-01-06 03:46:00,249
2026-01-06 03:48:00,251
2026-01-06 03:50:00,251
2026-01-06 03:52:00,251
2026-01-06 03:54:00,251
2026-01-06 03:56:00,250
2026-01-06 03:58:00,252
2026-01-06 04:00:00,254
2026-01-06 04:02:00,260
2026-01-06 04:04:00,270
2026-01-06 04:06:00,279
2026-01-06 04:08:00,287
2026-01-06 04:10:00,287
2026-01-06 04:12:00,288
2026-01-06 04:14:00,280
2026-01-06 04:16:00,272
2026-01-06 04:18:00,264
2026-01-06 04:20:00,267
2026-01-06 04:22:00,277
2026-01-06 04:24:00,287
2026-01-06 04:26:00,288
2026-01-06 04:28:00,288
2026-01-06 04:30:00,285
2026-01-06 04:32:00,273
2026-01-06 04:34:00,269
2026-01-06 04:36:00,275
2026-01-06 04:38:00,287
2026-01-06 04:40:00,299
2026-01-06 04:42:00,310
2026-01-06 04:44:00,319
2026-01-06 04:46:00,326
2026-01-06 04:48:00,327
2026-01-06 04:50:00,327
2026-01-06 04:52:00,327
2026-01-06 04:54:00,325
2026-01-06 04:56:00,326
2026-01-06 04:58:00,327
2026-01-06 05:00:00,335
2026-01-06 05:02:00,337
2026-01-06 05:04:00,337
2026-01-06 05:06:00,339
2026-01-06 05:08:00,338
2026-01-06 05:10:00,338
2026-01-06 05:12:00,339
2026-01-06 05:14:00,348
2026-01-06 05:16:00,356
2026-01-06 05:18:00,366
2026-01-06 05:20:00,365
2026-01-06 05:22:00,365
2026-01-06 05:24:00,364
2026-01-06 05:26:00,363
2026-01-06 05:28:00,364
2026-01-06 05:30:00,367
2026-01-06 05:32:00,379
2026-01-06 05:34:00,384
2026-01-06 05:36:00,383
2026-01-06 05:38:00,380
2026-01-06 05:40:00,381
2026-01-06 05:42:00,381
2026-01-06 05:44:00,382
2026-01-06 05:46:00,386
2026-01-06 05:48:00,386
2026-01-06 05:50:00,380
2026-01-06 05:52:00,381
2026-01-06 05:54:00,383
2026-01-06 05:56:00,384
2026-01-06 05:58:00,383
2026-01-06 06:00:00,383
2026-01-06 06:02:00,384
2026-01-06 06:04:00,384
2026-01-06 06:06:00,383
2026-01-06 06:08:00,383
2026-01-06 06:10:00,383
2026-01-06 06:12:00,382
2026-01-06 06:14:00,381
2026-01-06 06:16:00,375
2026-01-06 06:18:00,372
2026-01-06 06:20:00,373
2026-01-06 06:22:00,372
2026-01-06 06:24:00,373
2026-01-06 06:26:00,374
2026-01-06 06:28:00,373
2026-01-06 06:30:00,373
2026-01-06 06:32:00,374
2026-01-06 06:34:00,372
2026-01-06 06:36:00,372
2026-01-06 06:38:00,375
2026-01-06 06:40:00,374
2026-01-06 06:42:00,373
2026-01-06 06:44:00,372
2026-01-06 06:46:00,372
2026-01-06 06:48:00,373
2026-01-06 06:50:00,379
2026-01-06 06:52:00,379
2026-01-06 06:54:00,379
2026-01-06 06:56:00,379
2026-01-06 06:58:00,378
2026-01-06 07:00:00,379
2026-01-06 07:02:00,380
2026-01-06 07:04:00,380
2026-01-06 07:06:00,379
2026-01-06 07:08:00,378
2026-01-06 07:10:00,379
2026-01-06 07:12:00,379
2026-01-06 07:14:00,380
2026-01-06 07:16:00,386
2026-01-06 07:18:00,388
2026-01-06 07:20:00,387
2026-01-06 07:22:00,388
2026-01-06 07:24:00,387
2026-01-06 07:26:00,387
2026-01-06 07:28:00,387
2026-01-06 07:30:00,387
2026-01-06 07:32:00,379
2026-01-06 07:34:00,379
2026-01-06 07:36:00,380
2026-01-06 07:38:00,380
2026-01-06 07:40:00,380
2026-01-06 07:42:00,381
2026-01-06 07:44:00,381
2026-01-06 07:46:00,381
2026-01-06 07:48:00,381
2026-01-06 07:50:00,381
2026-01-06 07:52:00,381
2026-01-06 07:54:00,381
2026-01-06 07:56:00,379
2026-01-06 07:58:00,381
2026-01-06 08:00:00,379
2026-01-06 08:02:00,378
2026-01-06 08:04:00,379
2026-01-06 08:06:00,380
2026-01-06 08:08:00,379
2026-01-06 08:10:00,378
2026-01-06 08:12:00,378
2026-01-06 08:14:00,378
2026-01-06 08:16:00,379
2026-01-06 08:18:00,380
2026-01-06 08:20:00,380
2026-01-06 08:22:00,380
2026-01-06 08:24:00,382
2026-01-06 08:26:00,381
2026-01-06 08:28:00,381
2026-01-06 08:30:00,382
2026-01-06 08:32:00,388
2026-01-06 08:34:00,389
2026-01-06 08:36:00,388
2026-01-06 08:38:00,389
2026-01-06 08:40:00,388
2026-01-06 08:42:00,388
2026-01-06 08:44:00,390
2026-01-06 08:46:00,389
2026-01-06 08:48:00,389
2026-01-06 08:50:00,388
2026-01-06 08:52:00,387
2026-01-06 08:54:00,387
2026-01-06 08:56:00,385
2026-01-06 08:58:00,384
2026-01-06 09:00:00,385
2026-01-06 09:02:00,379
2026-01-06 09:04:00,374
2026-01-06 09:06:00,374
2026-01-06 09:08:00,377
2026-01-06 09:10:00,377
2026-01-06 09:12:00,377
2026-01-06 09:14:00,378
2026-01-06 09:16:00,375
2026-01-06 09:18:00,375
2026-01-06 09:20:00,375
2026-01-06 09:22:00,376
2026-01-06 09:24:00,374
2026-01-06 09:26:00,376
2026-01-06 09:28:00,368
2026-01-06 09:30:00,358
2026-01-06 09:32:00,358
2026-01-06 09:34:00,358
2026-01-06 09:36:00,358
2026-01-06 09:38:00,358
2026-01-06 09:40:00,359
2026-01-06 09:42:00,359
2026-01-06 09:44:00,357
2026-01-06 09:46:00,359
2026-01-06 09:48:00,358
2026-01-06 09:50:00,359
2026-01-06 09:52:00,360
2026-01-06 09:54:00,360
2026-01-06 09:56:00,362
2026-01-06 09:58:00,363
2026-01-06 10:00:00,362
2026-01-06 10:02:00,370
2026-01-06 10:04:00,374
2026-01-06 10:06:00,374
2026-01-06 10:08:00,373
2026-01-06 10:10:00,373
2026-01-06 10:12:00,373
2026-01-06 10:14:00,372
2026-01-06 10:16:00,375
2026-01-06 10:18:00,374
2026-01-06 10:20:00,374
2026-01-06 10:22:00,373
2026-01-06 10:24:00,375
2026-01-06 10:26:00,374
2026-01-06 10:28:00,383
2026-01-06 10:30:00,392
2026-01-06 10:32:00,393
2026-01-06 10:34:00,393
2026-01-06 10:36:00,393
2026-01-06 10:38:00,392
2026-01-06 10:40:00,393
2026-01-06 10:42:00,394
2026-01-06 10:44:00,393
2026-01-06 10:46:00,392
2026-01-06 10:48:00,394
2026-01-06 10:50:00,394
2026-01-06 10:52:00,395
2026-01-06 10:54:00,394
2026-01-06 10:56:00,396
2026-01-06 10:58:00,394
2026-01-06 11:00:00,396
2026-01-06 11:02:00,394
2026-01-06 11:04:00,395
2026-01-06 11:06:00,395
2026-01-06 11:08:00,396
2026-01-06 11:10:00,396
2026-01-06 11:12:00,397
2026-01-06 11:14:00,397
2026-01-06 11:16:00,397
2026-01-06 11:18:00,398
2026-01-06 11:20:00,398
2026-01-06 11:22:00,398
2026-01-06 11:24:00,394
2026-01-06 11:26:00,391
2026-01-06 11:28:00,386
2026-01-06 11:30:00,383
2026-01-06 11:32:00,380
2026-01-06 11:34:00,377
2026-01-06 11:36:00,374
2026-01-06 11:38:00,372
2026-01-06 11:40:00,369
2026-01-06 11:42:00,364
2026-01-06 11:44:00,363
2026-01-06 11:46:00,360
2026-01-06 11:48:00,356
2026-01-06 11:50:00,353
2026-01-06 11:52:00,349
2026-01-06 11:54:00,349
2026-01-06 11:56:00,345
2026-01-06 11:58:00,343
2026-01-06 12:00:00,338
2026-01-06 12:02:00,336
2026-01-06 12:04:00,332
2026-01-06 12:06:00,329
2026-01-06 12:08:00,325
2026-01-06 12:10:00,323
2026-01-06 12:12:00,319
2026-01-06 12:14:00,316
2026-01-06 12:16:00,313
2026-01-06 12:18:00,309
2026-01-06 12:20:00,305
2026-01-06 12:22:00,302
2026-01-06 12:24:00,303
2026-01-06 12:26:00,303
2026-01-06 12:28:00,305
2026-01-06 12:30:00,305
2026-01-06 12:32:00,305
2026-01-06 12:34:00,305
2026-01-06 12:36:00,304
2026-01-06 12:38:00,303
2026-01-06 12:40:00,303
2026-01-06 12:42:00,305
2026-01-06 12:44:00,304
2026-01-06 12:46:00,304
2026-01-06 12:48:00,304
2026-01-06 12:50:00,304
2026-01-06 12:52:00,304
2026-01-06 12:54:00,302
2026-01-06 12:56:00,302
2026-01-06 12:58:00,303
2026-01-06 13:00:00,304
2026-01-06 13:02:00,303
2026-01-06 13:04:00,302
2026-01-06 13:06:00,302
2026-01-06 13:08:00,302
2026-01-06 13:10:00,301
2026-01-06 13:12:00,301
2026-01-06 13:14:00,302
2026-01-06 13:16:00,302
2026-01-06 13:18:00,302
2026-01-06 13:20:00,302
2026-01-06 13:22:00,302
2026-01-06 13:24:00,301
2026-01-06 13:26:00,301
2026-01-06 13:28:00,300
2026-01-06 13:30:00,301
2026-01-06 13:32:00,301
2026-01-06 13:34:00,301
2026-01-06 13:36:00,302
2026-01-06 13:38:00,302
2026-01-06 13:40:00,301
2026-01-06 13:42:00,300
2026-01-06 13:44:00,300
2026-01-06 13:46:00,300
2026-01-06 13:48:00,300
2026-01-06 13:50:00,300
2026-01-06 13:52:00,300
2026-01-06 13:54:00,300
2026-01-06 13:56:00,300
2026-01-06 13:58:00,299
2026-01-06 14:00:00,298
2026-01-06 14:02:00,301
2026-01-06 14:04:00,302
2026-01-06 14:06:00,301
2026-01-06 14:08:00,302
2026-01-06 14:10:00,301
2026-01-06 14:12:00,301
2026-01-06 14:14:00,300
2026-01-06 14:16:00,300
2026-01-06 14:18:00,301
2026-01-06 14:20:00,302
2026-01-06 14:22:00,303
2026-01-06 14:24:00,303
2026-01-06 14:26:00,303
2026-01-06 14:28:00,302
2026-01-06 14:30:00,301
2026-01-06 14:32:00,301
2026-01-06 14:34:00,302
2026-01-06 14:36:00,302
2026-01-06 14:38:00,303
2026-01-06 14:40:00,302
2026-01-06 14:42:00,302
2026-01-06 14:44:00,302
2026-01-06 14:46:00,302
2026-01-06 14:48:00,302
2026-01-06 14:50:00,304
2026-01-06 14:52:00,303
2026-01-06 14:54:00,303
2026-01-06 14:56:00,303
2026-01-06 14:58:00,303
2026-01-06 15:00:00,304
2026-01-06 15:02:00,302
2026-01-06 15:04:00,302
2026-01-06 15:06:00,305
2026-01-06 15:08:00,303
2026-01-06 15:10:00,304
2026-01-06 15:12:00,304
2026-01-06 15:14:00,304
2026-01-06 15:16:00,304
2026-01-06 15:18:00,302
2026-01-06 15:20:00,302
2026-01-06 15:22:00,303
2026-01-06 15:24:00,303
2026-01-06 15:26:00,298
2026-01-06 15:28:00,290
2026-01-06 15:30:00,283
2026-01-06 15:32:00,286
2026-01-06 15:34:00,289
2026-01-06 15:36:00,292
2026-01-06 15:38:00,292
2026-01-06 15:40:00,284
2026-01-06 15:42:00,275
2026-01-06 15:44:00,275
2026-01-06 15:46:00,279
2026-01-06 15:48:00,282
2026-01-06 15:50:00,283
2026-01-06 15:52:00,286
2026-01-06 15:54:00,277
2026-01-06 15:56:00,269
2026-01-06 15:58:00,261
2026-01-06 16:00:00,253
2026-01-06 16:02:00,244
2026-01-06 16:04:00,236
2026-01-06 16:06:00,230
2026-01-06 16:08:00,232
2026-01-06 16:10:00,235
2026-01-06 16:12:00,238
2026-01-06 16:14:00,242
2026-01-06 16:16:00,246
2026-01-06 16:18:00,250
2026-01-06 16:20:00,252
2026-01-06 16:22:00,254
2026-01-06 16:24:00,257
2026-01-06 16:26:00,265
2026-01-06 16:28:00,277
2026-01-06 16:30:00,282
2026-01-06 16:32:00,269
2026-01-06 16:34:00,257
2026-01-06 16:36:00,245
2026-01-06 16:38:00,242
2026-01-06 16:40:00,254
2026-01-06 16:42:00,266
2026-01-06 16:44:00,269
2026-01-06 16:46:00,269
2026-01-06 16:48:00,269
2026-01-06 16:50:00,269
2026-01-06 16:52:00,265
2026-01-06 16:54:00,270
2026-01-06 16:56:00,276
2026-01-06 16:58:00,288
2026-01-06 17:00:00,299
2026-01-06 17:02:00,311
2026-01-06 17:04:00,321
2026-01-06 17:06:00,329
2026-01-06 17:08:00,331
2026-01-06 17:10:00,331
2026-01-06 17:12:00,331
2026-01-06 17:14:00,331
2026-01-06 17:16:00,328
2026-01-06 17:18:00,328
2026-01-06 17:20:00,329
2026-01-06 17:22:00,328
2026-01-06 17:24:00,329
2026-01-06 17:26:00,328
2026-01-06 17:28:00,325
2026-01-06 17:30:00,327
2026-01-06 17:32:00,338
2026-01-06 17:34:00,346
2026-01-06 17:36:00,355
2026-01-06 17:38:00,357
2026-01-06 17:40:00,354
2026-01-06 17:42:00,351
2026-01-06 17:44:00,348
2026-01-06 17:46:00,344
2026-01-06 17:48:00,342
2026-01-06 17:50:00,340
2026-01-06 17:52:00,341
2026-01-06 17:54:00,345
2026-01-06 17:56:00,348
2026-01-06 17:58:00,344
2026-01-06 18:00:00,341
2026-01-06 18:02:00,338
2026-01-06 18:04:00,336
2026-01-06 18:06:00,333
2026-01-06 18:08:00,330
2026-01-06 18:10:00,327
2026-01-06 18:12:00,324
2026-01-06 18:14:00,320
2026-01-06 18:16:00,318
2026-01-06 18:18:00,316
2026-01-06 18:20:00,313
2026-01-06 18:22:00,311
2026-01-06 18:24:00,308
2026-01-06 18:26:00,305
2026-01-06 18:28:00,305
2026-01-06 18:30:00,305
2026-01-06 18:32:00,304
2026-01-06 18:34:00,304
2026-01-06 18:36:00,304
2026-01-06 18:38:00,305
2026-01-06 18:40:00,305
2026-01-06 18:42:00,305
2026-01-06 18:44:00,305
2026-01-06 18:46:00,305
2026-01-06 18:48:00,304
2026-01-06 18:50:00,302
2026-01-06 18:52:00,303
2026-01-06 18:54:00,304
2026-01-06 18:56:00,303
2026-01-06 18:58:00,303
2026-01-06 19:00:00,303
2026-01-06 19:02:00,303
2026-01-06 19:04:00,302
2026-01-06 19:06:00,301
2026-01-06 19:08:00,301
2026-01-06 19:10:00,303
2026-01-06 19:12:00,303
2026-01-06 19:14:00,303
2026-01-06 19:16:00,304
2026-01-06 19:18:00,303
2026-01-06 19:20:00,303
2026-01-06 19:22:00,302
2026-01-06 19:24:00,300
2026-01-06 19:26:00,302
2026-01-06 19:28:00,303
2026-01-06 19:30:00,303
2026-01-06 19:32:00,303
2026-01-06 19:34:00,303
2026-01-06 19:36:00,302
2026-01-06 19:38:00,301
2026-01-06 19:40:00,302
2026-01-06 19:42:00,303
2026-01-06 19:44:00,303
2026-01-06 19:46:00,303
2026-01-06 19:48:00,303
2026-01-06 19:50:00,304
2026-01-06 19:52:00,304
2026-01-06 19:54:00,303
2026-01-06 19:56:00,303
2026-01-06 19:58:00,304
2026-01-06 20:00:00,305
2026-01-06 20:02:00,305
2026-01-06 20:04:00,306
2026-01-06 20:06:00,305
2026-01-06 20:08:00,305
2026-01-06 20:10:00,303
2026-01-06 20:12:00,304
2026-01-06 20:14:00,299
2026-01-06 20:16:00,298
2026-01-06 20:18:00,301
2026-01-06 20:20:00,302
2026-01-06 20:22:00,301
2026-01-06 20:24:00,302
2026-01-06 20:26:00,301
2026-01-06 20:28:00,300
2026-01-06 20:30:00,301
2026-01-06 20:32:00,301
2026-01-06 20:34:00,301
2026-01-06 20:36:00,302
2026-01-06 20:38:00,302
2026-01-06 20:40:00,301
2026-01-06 20:42:00,299
2026-01-06 20:44:00,300
2026-01-06 20:46:00,301
2026-01-06 20:48:00,301
2026-01-06 20:50:00,301
2026-01-06 20:52:00,301
2026-01-06 20:54:00,300
2026-01-06 20:56:00,300
2026-01-06 20:58:00,299
2026-01-06 21:00:00,298
2026-01-06 21:02:00,299
2026-01-06 21:04:00,299
2026-01-06 21:06:00,300
2026-01-06 21:08:00,300
2026-01-06 21:10:00,300
2026-01-06 21:12:00,299
2026-01-06 21:14:00,304
2026-01-06 21:16:00,305
2026-01-06 21:18:00,303
2026-01-06 21:20:00,302
2026-01-06 21:22:00,303
2026-01-06 21:24:00,304
2026-01-06 21:26:00,303
2026-01-06 21:28:00,303
2026-01-06 21:30:00,302
2026-01-06 21:32:00,303
2026-01-06 21:34:00,304
2026-01-06 21:36:00,304
2026-01-06 21:38:00,304
2026-01-06 21:40:00,304
2026-01-06 21:42:00,305
2026-01-06 21:44:00,303
2026-01-06 21:46:00,302
2026-01-06 21:48:00,303
2026-01-06 21:50:00,304
2026-01-06 21:52:00,304
2026-01-06 21:54:00,305
2026-01-06 21:56:00,305
2026-01-06 21:58:00,305
2026-01-06 22:00:00,305
2026-01-06 22:02:00,303
2026-01-06 22:04:00,305
2026-01-06 22:06:00,305
2026-01-06 22:08:00,306
2026-01-06 22:10:00,306
2026-01-06 22:12:00,306
2026-01-06 22:14:00,305
2026-01-06 22:16:00,305
2026-01-06 22:18:00,304
2026-01-06 22:20:00,304
2026-01-06 22:22:00,306
2026-01-06 22:24:00,301
2026-01-06 22:26:00,304
2026-01-06 22:28:00,305
2026-01-06 22:30:00,306
2026-01-06 22:32:00,304
2026-01-06 22:34:00,303
2026-01-06 22:36:00,304
2026-01-06 22:38:00,305
2026-01-06 22:40:00,305
2026-01-06 22:42:00,305
2026-01-06 22:44:00,306
2026-01-06 22:46:00,307
2026-01-06 22:48:00,306
2026-01-06 22:50:00,305
2026-01-06 22:52:00,305
2026-01-06 22:54:00,306
2026-01-06 22:56:00,305
2026-01-06 22:58:00,305
2026-01-06 23:00:00,305
2026-01-06 23:02:00,306
2026-01-06 23:04:00,303
2026-01-06 23:06:00,304
2026-01-06 23:08:00,303
2026-01-06 23:10:00,303
2026-01-06 23:12:00,305
2026-01-06 23:14:00,306
2026-01-06 23:16:00,305
2026-01-06 23:18:00,305
2026-01-06 23:20:00,304
2026-01-06 23:22:00,302
2026-01-06 23:24:00,307
2026-01-06 23:26:00,306
2026-01-06 23:28:00,305
2026-01-06 23:30:00,303
2026-01-06 23:32:00,304
2026-01-06 23:34:00,304
2026-01-06 23:36:00,303
2026-01-06 23:38:00,302
2026-01-06 23:40:00,302
2026-01-06 23:42:00,304
2026-01-06 23:44:00,303
2026-01-06 23:46:00,302
2026-01-06 23:48:00,302
2026-01-06 23:50:00,302
2026-01-06 23:52:00,302
2026-01-06 23:54:00,300
2026-01-06 23:56:00,301
2026-01-06 23:58:00,303
2026-01-07 00:00:00,303
2026-01-07 00:02:00,303
2026-01-07 00:04:00,304
2026-01-07 00:06:00,302
2026-01-07 00:08:00,302
2026-01-07 00:10:00,302
2026-01-07 00:12:00,301
2026-01-07 00:14:00,301
2026-01-07 00:16:00,302
2026-01-07 00:18:00,302
2026-01-07 00:20:00,303
2026-01-07 00:22:00,303
2026-01-07 00:24:00,302
2026-01-07 00:26:00,300
2026-01-07 00:28:00,301
2026-01-07 00:30:00,302
2026-01-07 00:32:00,301
2026-01-07 00:34:00,301
2026-01-07 00:36:00,301
2026-01-07 00:38:00,301
2026-01-07 00:40:00,301
2026-01-07 00:42:00,299
2026-01-07 00:44:00,300
2026-01-07 00:46:00,300
2026-01-07 00:48:00,301
2026-01-07 00:50:00,301
2026-01-07 00:52:00,301
2026-01-07 00:54:00,302
2026-01-07 00:56:00,301
2026-01-07 00:58:00,300
2026-01-07 01:00:00,299
2026-01-07 01:02:00,300
2026-01-07 01:04:00,300
2026-01-07 01:06:00,303
2026-01-07 01:08:00,303
2026-01-07 01:10:00,303
2026-01-07 01:12:00,302
2026-01-07 01:14:00,299
2026-01-07 01:16:00,301
2026-01-07 01:18:00,302
2026-01-07 01:20:00,303
2026-01-07 01:22:00,303
2026-01-07 01:24:00,304
2026-01-07 01:26:00,304
2026-01-07 01:28:00,303
2026-01-07 01:30:00,303
2026-01-07 01:32:00,304
2026-01-07 01:34:00,305
2026-01-07 01:36:00,305
2026-01-07 01:38:00,306
2026-01-07 01:40:00,306
2026-01-07 01:42:00,306
2026-01-07 01:44:00,306
2026-01-07 01:46:00,306
2026-01-07 01:48:00,304
2026-01-07 01:50:00,305
2026-01-07 01:52:00,305
2026-01-07 01:54:00,306
2026-01-07 01:56:00,306
2026-01-07 01:58:00,305
2026-01-07 02:00:00,306
2026-01-07 02:02:00,305
2026-01-07 02:04:00,305
2026-01-07 02:06:00,303
2026-01-07 02:08:00,304
2026-01-07 02:10:00,305
2026-01-07 02:12:00,305
2026-01-07 02:14:00,307
2026-01-07 02:16:00,305
2026-01-07 02:18:00,304
2026-01-07 02:20:00,303
2026-01-07 02:22:00,304
2026-01-07 02:24:00,303
2026-01-07 02:26:00,305
2026-01-07 02:28:00,305
2026-01-07 02:30:00,304
2026-01-07 02:32:00,304
2026-01-07 02:34:00,303
2026-01-07 02:36:00,303
2026-01-07 02:38:00,303
2026-01-07 02:40:00,303
2026-01-07 02:42:00,303
2026-01-07 02:44:00,304
2026-01-07 02:46:00,304
2026-01-07 02:48:00,304
2026-01-07 02:50:00,303
2026-01-07 02:52:00,303
2026-01-07 02:54:00,303
2026-01-07 02:56:00,305
2026-01-07 02:58:00,304
2026-01-07 03:00:00,305
2026-01-07 03:02:00,304
2026-01-07 03:04:00,304
2026-01-07 03:06:00,304
2026-01-07 03:08:00,303
2026-01-07 03:10:00,303
2026-01-07 03:12:00,304
2026-01-07 03:14:00,304
2026-01-07 03:16:00,304
2026-01-07 03:18:00,304
2026-01-07 03:20:00,304
2026-01-07 03:22:00,303
2026-01-07 03:24:00,303
2026-01-07 03:26:00,304
2026-01-07 03:28:00,304
2026-01-07 03:30:00,304
2026-01-07 03:32:00,304
2026-01-07 03:34:00,304
2026-01-07 03:36:00,304
2026-01-07 03:38:00,303
2026-01-07 03:40:00,303
2026-01-07 03:42:00,305
2026-01-07 03:44:00,304
2026-01-07 03:46:00,304
2026-01-07 03:48:00,307
2026-01-07 03:50:00,311
2026-01-07 03:52:00,314
2026-01-07 03:54:00,316
2026-01-07 03:56:00,318
2026-01-07 03:58:00,322
2026-01-07 04:00:00,324
2026-01-07 04:02:00,328
2026-01-07 04:04:00,331
2026-01-07 04:06:00,334
2026-01-07 04:08:00,337
2026-01-07 04:10:00,340
2026-01-07 04:12:00,341
2026-01-07 04:14:00,346
2026-01-07 04:16:00,349
2026-01-07 04:18:00,352
2026-01-07 04:20:00,356
2026-01-07 04:22:00,358
2026-01-07 04:24:00,362
2026-01-07 04:26:00,364
2026-01-07 04:28:00,368
2026-01-07 04:30:00,372
2026-01-07 04:32:00,374
2026-01-07 04:34:00,377
2026-01-07 04:36:00,381
2026-01-07 04:38:00,385
2026-01-07 04:40:00,388
2026-01-07 04:42:00,389
2026-01-07 04:44:00,393
2026-01-07 04:46:00,397
2026-01-07 04:48:00,398
2026-01-07 04:50:00,397
2026-01-07 04:52:00,398
2026-01-07 04:54:00,398
2026-01-07 04:56:00,398
2026-01-07 04:58:00,398
2026-01-07 05:00:00,398
2026-01-07 05:02:00,397
2026-01-07 05:04:00,398
2026-01-07 05:06:00,398
2026-01-07 05:08:00,399
2026-01-07 05:10:00,399
2026-01-07 05:12:00,400
2026-01-07 05:14:00,400
2026-01-07 05:16:00,401
2026-01-07 05:18:00,401
2026-01-07 05:20:00,401
2026-01-07 05:22:00,401
2026-01-07 05:24:00,401
2026-01-07 05:26:00,401
2026-01-07 05:28:00,400
2026-01-07 05:30:00,400
2026-01-07 05:32:00,401
2026-01-07 05:34:00,401
2026-01-07 05:36:00,400
2026-01-07 05:38:00,399
2026-01-07 05:40:00,399
2026-01-07 05:42:00,400
2026-01-07 05:44:00,400
2026-01-07 05:46:00,399
2026-01-07 05:48:00,399
2026-01-07 05:50:00,399
2026-01-07 05:52:00,398
2026-01-07 05:54:00,399
2026-01-07 05:56:00,398
2026-01-07 05:58:00,399
2026-01-07 06:00:00,398
2026-01-07 06:02:00,399
2026-01-07 06:04:00,399
2026-01-07 06:06:00,399
2026-01-07 06:08:00,399
2026-01-07 06:10:00,398
2026-01-07 06:12:00,398
2026-01-07 06:14:00,398
2026-01-07 06:16:00,397
2026-01-07 06:18:00,397
2026-01-07 06:20:00,397
2026-01-07 06:22:00,398
2026-01-07 06:24:00,397
2026-01-07 06:26:00,396
2026-01-07 06:28:00,396
2026-01-07 06:30:00,396
2026-01-07 06:32:00,396
2026-01-07 06:34:00,397
2026-01-07 06:36:00,397
2026-01-07 06:38:00,397
2026-01-07 06:40:00,398
2026-01-07 06:42:00,397
2026-01-07 06:44:00,397
2026-01-07 06:46:00,397
2026-01-07 06:48:00,397
2026-01-07 06:50:00,398
2026-01-07 06:52:00,397
2026-01-07 06:54:00,397
2026-01-07 06:56:00,398
2026-01-07 06:58:00,398
2026-01-07 07:00:00,399
2026-01-07 07:02:00,399
2026-01-07 07:04:00,397
2026-01-07 07:06:00,398
2026-01-07 07:08:00,398
2026-01-07 07:10:00,398
2026-01-07 07:12:00,398
2026-01-07 07:14:00,398
2026-01-07 07:16:00,399
2026-01-07 07:18:00,399
2026-01-07 07:20:00,398
2026-01-07 07:22:00,399
2026-01-07 07:24:00,400
2026-01-07 07:26:00,400
2026-01-07 07:28:00,400
2026-01-07 07:30:00,400
2026-01-07 07:32:00,401
2026-01-07 07:34:00,400
2026-01-07 07:36:00,399
2026-01-07 07:38:00,399
2026-01-07 07:40:00,397
2026-01-07 07:42:00,398
2026-01-07 07:44:00,397
2026-01-07 07:46:00,397
2026-01-07 07:48:00,397
2026-01-07 07:50:00,397
2026-01-07 07:52:00,398
2026-01-07 07:54:00,398
2026-01-07 07:56:00,398
2026-01-07 07:58:00,397
2026-01-07 08:00:00,397
2026-01-07 08:02:00,398
2026-01-07 08:04:00,399
2026-01-07 08:06:00,399
2026-01-07 08:08:00,398
2026-01-07 08:10:00,398
2026-01-07 08:12:00,398
2026-01-07 08:14:00,397
2026-01-07 08:16:00,396
2026-01-07 08:18:00,397
2026-01-07 08:20:00,397
2026-01-07 08:22:00,397
2026-01-07 08:24:00,396
2026-01-07 08:26:00,396
2026-01-07 08:28:00,395
2026-01-07 08:30:00,394
2026-01-07 08:32:00,393
2026-01-07 08:34:00,392
2026-01-07 08:36:00,394
2026-01-07 08:38:00,394
2026-01-07 08:40:00,396
2026-01-07 08:42:00,395
2026-01-07 08:44:00,395
2026-01-07 08:46:00,396
2026-01-07 08:48:00,397
2026-01-07 08:50:00,395
2026-01-07 08:52:00,395
2026-01-07 08:54:00,395
2026-01-07 08:56:00,395
2026-01-07 08:58:00,396
2026-01-07 09:00:00,395
2026-01-07 09:02:00,393
2026-01-07 09:04:00,390
2026-01-07 09:06:00,387
2026-01-07 09:08:00,386
2026-01-07 09:10:00,384
2026-01-07 09:12:00,382
2026-01-07 09:14:00,380